Structure,Molecule name,CAS,SMILES,ID_base,,ID_asignado,ID_concatenado,DB source,DB soubsource,Risk assessment class,Human eco,Species,Exposure route,Standard value,LD50,LD50 units,MM (g/mol),Operación,pLD50,Mode of action,Data Base source reference
,2-aminobutane,,CCC(C)N,6,,1,1_PPDB,PPDB,,acute,,rat,oral,=,350,mg/kg,73.1383,0.0048,2.3201,Fumigant,
,Ammonium carbonate,,C(=O)([O-])[O-].[NH4+].[NH4+],33,,#¡REF!,4_PPDB,PPDB,,acute,,rat,oral,=,2150,mg/kg,96.0855,0.0224,1.6502,"As a fungicide it is a protectant, inhibiting fungal spores and pathogens from entering the host tissues",
,Anilazine (Ref: ENT 26 058),,C1=CC=C(C(=C1)NC2=NC(=NC(=N2)Cl)Cl)Cl,39,,#¡REF!,5_PPDB,PPDB,,acute,,rat,oral,=,4570,mg/kg,275.526,0.0166,1.7802,"Non-systemic with protective action, enzyme inhibitor. Multi-site activity.",
,Anthracene oil,,C1=CC=C2C=C3C=CC=CC3=CC2=C1,40,,#¡REF!,6_PPDB,PPDB,,acute,,rat,oral,=,1955,mg/kg,178.233,0.0110,1.9598,Contact action,
,Azaconazole,,C1COC(O1)(CN2C=NC=N2)C3=C(C=C(C=C3)Cl)Cl,45,,#¡REF!,7_PPDB,PPDB,,acute,,rat,oral,=,308,mg/kg,300.144,0.0010,2.9888,Sterol biosynthesis inhibitor,
,Benalaxyl (Ref: M 9834),,CC1=C(C(=CC=C1)C)N(C(C)C(=O)OC)C(=O)CC2=CC=CC=C2,59,,#¡REF!,9_PPDB,PPDB,,acute,,rat,oral,=,680,mg/kg,325.407,0.0021,2.6799,"Systemic with protective, curative and eradicant action. Disrupts fungal nucleic acid synthesis - RNA ploymerase 1",
,Binapacryl (Ref: FMC 9044),,CCC(C)C1=CC(=CC(=C1OC(=O)C=C(C)C)[N+](=O)[O-])[N+](=O)[O-],79,,#¡REF!,13_PPDB,PPDB,,acute,,rat,oral,=,58,mg/kg,322.316,0.0002,3.7449,"Non-systemic. As a miticide it works with ovicidal action, uncoupling or inhibiting oxidative phosphorylation. Respiration inhibitor.",
,Biphenyl,,C1=CC=C(C=C1)C2=CC=CC=C2,82,,#¡REF!,14_PPDB,PPDB,,acute,,rat,oral,=,2140,mg/kg,154.211,0.0139,1.8577,"Inhibits sporulation, lipid peroxidation",
,Bromuconazole (Ref: LS 860263),,C1C(COC1(CN2C=NC=N2)C3=C(C=C(C=C3)Cl)Cl)Br,97,,#¡REF!,18_PPDB,PPDB,,acute,,rat,oral,=,328,mg/kg,377.068,0.0009,3.0605,Systemic. Sterol biosynthesis inhibitor.,
,Bronopol,,C(C(CO)([N+](=O)[O-])Br)O,98,,#¡REF!,19_PPDB,PPDB,,acute,,rat,oral,=,254,mg/kg,199.988,0.0013,2.8962,Inhibition of dehydrogenase activity causes membrane damage,
,Bupirimate (Ref: PP 588),,CCCCC1=C(N=C(N=C1OS(=O)(=O)N(C)C)NCC)C,99,,#¡REF!,20_PPDB,PPDB,,acute,,rat,oral,=,4000,mg/kg,316.425,0.0126,1.8982,Systemic with curative and protectant action. Nucleic acid synthesis - adenosin-deaminase.,
,Calcium hydroxide,,[OH-].[OH-].[Ca+2],110,,#¡REF!,23_PPDB,PPDB,,acute,,rat,oral,=,7340,mg/kg,74.0919,0.0991,1.0041,"Non-selective, phytotoxic",
,Carboxin (Ref: D 735),,CC1=C(SCCO1)C(=O)NC2=CC=CC=C2,122,,#¡REF!,28_PPDB,PPDB,,acute,,rat,oral,=,2588,mg/kg,235.306,0.0110,1.9587,"Systemic, inhibits mitochondrial function. Succinate Dehydrogenase Inhibitor.",
,Chloroneb,,COC1=CC(=C(C=C1Cl)OC)Cl,145,,#¡REF!,30_PPDB,PPDB,,acute,,rat,oral,=,11000,mg/kg,207.056,0.0531,1.2747,"Systemic, absorbed via rots. Lipid peroxidation inhibitor.",
,Copper II acetate,,CC(=O)[O-].CC(=O)[O-].[Cu+2],172,,#¡REF!,33_PPDB,PPDB,,acute,,rat,oral,=,710,mg/kg,181.634,0.0039,2.4079,"Protective, inhibiting fungal spores and pathogens from entering the host tissues. Multi-site activity.",
,Copper II chloride,,Cl[Cu]Cl,174,,#¡REF!,35_PPDB,PPDB,,acute,,rat,oral,=,140,mg/kg,134.452,0.0010,2.9824,"Protective, inhibiting fungal spores and pathogens from entering the host tissues. Multi-site activity.",
,Copper oxychloride,,O(Cl)Cl.[Cu+2],177,,#¡REF!,38_PPDB,PPDB,,acute,,rat,oral,=,299,mg/kg,150.451,0.0020,2.7017,Absorbed copper disrupts the enzyme systems of pathogens. Multi-site activity.,
,Cymoxanil (Ref: DPX T3217),,CCNC(=O)NC(=O)C(=NOC)C#N,196,,#¡REF!,42_PPDB,PPDB,,acute,,rat,oral,=,356,mg/kg,198.181,0.0018,2.7456,Foliar with protective and curative activity.,
,Dazomet (Ref: N 521),,CN1CN(C(=S)SC1)C,203,,#¡REF!,45_PPDB,PPDB,,acute,,rat,oral,=,415,mg/kg,162.28,0.0026,2.5922,Releases methyl isothiocyanate,
,Dichlorophen,,C1=CC(=C(C=C1Cl)CC2=C(C=CC(=C2)Cl)O)O,217,,#¡REF!,47_PPDB,PPDB,,acute,,rat,oral,=,2690,mg/kg,269.126,0.0100,2.0002,Contact,
,Difenoconazole (Ref: CGA 169374),,CC1COC(O1)(CN2C=NC=N2)C3=C(C=C(C=C3)OC4=CC=C(C=C4)Cl)Cl,230,,#¡REF!,50_PPDB,PPDB,,acute,,rat,oral,=,1453,mg/kg,406.268,0.0036,2.4465,Systemic with preventative and curative action. Disrupts membrane function - inhibition of demethylation during ergosterol synthesis.,
,Difenzoquat (Ref: BAS 450H),,CN1C(=CC(=[N+]1C)C2=CC=CC=C2)C3=CC=CC=C3,232,,#¡REF!,51_PPDB,PPDB,,acute,,rat,oral,=,470,mg/kg,249.336,0.0019,2.7247,"Selective, absorbed by foliage. Acts via the rapid destruction of cell membranes.",
,Dimethirimol (Ref: PP675),,CCCCC1=C(NC(=NC1=O)N(C)C)C,243,,#¡REF!,52_PPDB,PPDB,,acute,,rat,oral,=,2350,mg/kg,209.292,0.0112,1.9497,"Systemic, ergosterol biosynthesis inhibitor. Nucleic acid synthesis - adenosin-deaminase.",
,Dimethomorph (Ref: CME 151),,COC1=C(C=C(C=C1)C(=CC(=O)N2CCOCC2)C3=CC=C(C=C3)Cl)OC,245,,#¡REF!,53_PPDB,PPDB,,acute,,rat,oral,=,3900,mg/kg,387.862,0.0101,1.9976,Systemic with good protective activity. Cellulose synthesis inhibitor.,
,Diniconazole (Ref: XE-779),,CC(C)(C)C(C(=CC1=C(C=C(C=C1)Cl)Cl)N2C=NC=N2)O,247,,#¡REF!,55_PPDB,PPDB,,acute,,rat,oral,=,474,mg/kg,326.226,0.0015,2.8377,Systemic with curative and protective action. Inhibits the demethylation of steroids distrupting ergosterol biosynthesis.,
,Dinobuton (Ref: OMS 1056),,CCC(C)C1=CC(=CC(=C1OC(=O)OC(C)C)[N+](=O)[O-])[N+](=O)[O-],249,,#¡REF!,56_PPDB,PPDB,,acute,,rat,oral,=,140,mg/kg,326.304,0.0004,3.3675,"Non-systemic, rapid contact action. Uncoupler of oxidative phosphorylation via disruption of proton gradient.",
,Dinocap (Ref: ENT 24727),,CCCCCCC(C)C1=CC(=CC(=C1OC(=O)C=CC)[N+](=O)[O-])[N+](=O)[O-],250,,#¡REF!,57_PPDB,PPDB,,acute,,rat,oral,=,1212,mg/kg,364.397,0.0033,2.4781,Contact with protective and curative action. Respiration inhibitor. Uncoupler of oxidative phosphorylation via disruption of proton gradient.,
,Dithianon (Ref: BAS 216F),,C1=CC=C2C(=C1)C(=O)C3=C(C2=O)SC(=C(S3)C#N)C#N,258,,#¡REF!,58_PPDB,PPDB,,acute,,rat,oral,=,300,mg/kg,296.33,0.0010,2.9947,Protectant with some curative activity. Multi-site activity.,
,DNOC (Ref: ENT 154),,CC1=CC(=CC(=C1O)[N+](=O)[O-])[N+](=O)[O-],261,,#¡REF!,59_PPDB,PPDB,,acute,,rat,oral,=,25,mg/kg,198.134,0.0001,3.8990,"Non-systemic, with contact and stomach action. Cell membrane disruption. Uncoupler of oxidative phosphorylation via disruption of proton gradient.",
,Dodine (Ref: BAS 365F),,CCCCCCCCCCCCN=C(N)N.CC(=O)O,263,,#¡REF!,61_PPDB,PPDB,,acute,,rat,oral,=,851,mg/kg,287.446,0.0030,2.5286,Systemic with protectant and eradicant action,
,Epoxiconazole (Ref: BAS 480F),,C1=CC=C(C(=C1)C2C(O2)(CN3C=NC=N3)C4=CC=C(C=C4)F)Cl,267,,#¡REF!,62_PPDB,PPDB,,acute,,rat,oral,=,3160,mg/kg,329.761,0.0096,2.0185,Preventative and curative action. Sterol biosynthesis inhibitor.,
,Ethoxyquin,,CCOC1=CC2=C(C=C1)NC(C=C2C)(C)C,280,,#¡REF!,65_PPDB,PPDB,,acute,,rat,oral,=,1726,mg/kg,217.311,0.0079,2.1000,Anti-oxidant effecting plant growth,
,Fenamidone (Ref: RPA 407213),,CC1(C(=O)N(C(=N1)SC)NC2=CC=CC=C2)C3=CC=CC=C3,289,,#¡REF!,69_PPDB,PPDB,,acute,,rat,oral,=,2028,mg/kg,311.408,0.0065,2.1863,Protective and curative action. Respiration inhibitor (QoL fungicide).,
,Fenpropidin (Ref: CGA 114900),,CC(CC1=CC=C(C=C1)C(C)(C)C)CN2CCCCC2,307,,#¡REF!,75_PPDB,PPDB,,acute,,rat,oral,=,1452,mg/kg,273.462,0.0053,2.2749,Systemic with curative and protective action. Inhibits sterol biosynthesis in membranes.,
,Fenpropimorph (Ref: CGA 101031),,CC1CN(CC(O1)C)CC(C)CC2=CC=C(C=C2)C(C)(C)C,308,,#¡REF!,76_PPDB,PPDB,,acute,,rat,oral,=,1670,mg/kg,303.488,0.0055,2.2594,Systemic with protective and curative action. Disrupts membrane function.,
,Fentin acetate (Ref: OMS 1020),,CC(=O)O[Sn](C1=CC=CC=C1)(C2=CC=CC=C2)C3=CC=CC=C3,311,,#¡REF!,77_PPDB,PPDB,,acute,,rat,oral,=,140,mg/kg,409.071,0.0003,3.4657,Non-systemic with predominate contact activity. Inhibitor of ATP synthase.,
,Fentin hydroxide,,C1=CC=C(C=C1)[Sn](C2=CC=CC=C2)C3=CC=CC=C3.O,312,,#¡REF!,78_PPDB,PPDB,,acute,,rat,oral,=,108,mg/kg,368.042,0.0003,3.5325,Curative and protective action. Inhibitor of ATP synthase.,
,Fluquinconazole (Ref: AE C597265),,C1=CC2=C(C=C1F)C(=O)N(C(=N2)N3C=NC=N3)C4=C(C=C(C=C4)Cl)Cl,342,,#¡REF!,84_PPDB,PPDB,,acute,,rat,oral,=,112,mg/kg,376.178,0.0003,3.5262,Absorbed through foliage. Systemic with protectant and eradicant activity. Disrupts membrane function. Sterol biosynthesis inhibitor.,
,Flusilazole (Ref: DPX H6573),,C[Si](CN1C=NC=N1)(C2=CC=C(C=C2)F)C3=CC=C(C=C3)F,350,,#¡REF!,85_PPDB,PPDB,,acute,,rat,oral,=,674,mg/kg,315.398,0.0021,2.6702,"Broad-spectrum, systemic with protective and curative action. Sterol biosynthesis inhibitor.",
,Flusulfamide (Ref: MTF 651),,C1=CC(=C(C=C1[N+](=O)[O-])Cl)NS(=O)(=O)C2=CC(=C(C=C2)Cl)C(F)(F)F,351,,#¡REF!,86_PPDB,PPDB,,acute,,rat,oral,=,132,mg/kg,415.175,0.0003,3.4977,Inhibits spore germination,
,Furalaxyl (Ref: IPE 134),,CC1=C(C(=CC=C1)C)N(C(C)C(=O)OC)C(=O)C2=CC=CO2,366,,#¡REF!,93_PPDB,PPDB,,acute,,rat,oral,=,940,mg/kg,301.341,0.0031,2.5059,Systemic with protective and curative action. Disrupts fungal nucleic acid synthesis - RNA ploymerase 1,
,Guazatine (Ref: EM 379),,C(CCCCN=C(N)N)CCCNCCCCCCCCN=C(N)N,374,,#¡REF!,95_PPDB,PPDB,,acute,,rat,oral,=,308,mg/kg,355.573,0.0009,3.0624,Inhibition of lipid biosynthesis. Multi-site activity. Broad-spectrum. Protectant,
,Hexachlorophene,,C1=C(C(=C(C(=C1Cl)Cl)CC2=C(C(=CC(=C2Cl)Cl)Cl)O)O)Cl,381,,#¡REF!,97_PPDB,PPDB,,acute,,rat,oral,=,56,mg/kg,406.907,0.0001,3.8613,"Broad-spectrum, topical anti-infective, anti-bacterial agent, neurotoxin",
,Hexaconazole (Ref: PP 523),,CCCCC(CN1C=NC=N1)(C2=C(C=C(C=C2)Cl)Cl)O,382,,#¡REF!,98_PPDB,PPDB,,acute,,rat,oral,=,2189,mg/kg,314.215,0.0070,2.1570,"Broad spectrum, systemic with protective and curative action. Disrupts membrane function. Sterol biosynthesis inhibitor.",
,Hydrogen peroxide,,OO,387,,#¡REF!,99_PPDB,PPDB,,acute,,rat,oral,=,1518,mg/kg,34.0139,0.0446,1.3504,None,
,Hymexazol (Ref: F 319),,CC1=CC(=O)NO1,388,,#¡REF!,100_PPDB,PPDB,,acute,,rat,oral,=,1600,mg/kg,99.0887,0.0161,1.7919,"Systemic, inhibits fungal growth by inhibiting nucleic acid synthesis (DNA / RNA synthesis).",
,Imazalil (Ref: R 023979),,C=CCOC(CN1C=CN=C1)C2=C(C=C(C=C2)Cl)Cl,390,,#¡REF!,101_PPDB,PPDB,,acute,,rat,oral,=,227,mg/kg,297.184,0.0008,3.1170,Systemic with curative and protective properties. Disrupts membrane function.,
,Isoprothiolane (Ref: SS 11946),,CC(C)OC(=O)C(=C1SCCS1)C(=O)OC(C)C,408,,#¡REF!,104_PPDB,PPDB,,acute,,rat,oral,=,1190,mg/kg,290.403,0.0041,2.3875,Systemic with protective and curative action. Phospholipid biosynthesis inhibitor.,
,Mancopper,,C(CNC(=S)[S-])NC(=S)[S-].C(CNC(=S)[S-])NC(=S)[S-].[Mn+2].[Cu+2],423,,#¡REF!,106_PPDB,PPDB,,acute,,rat,oral,=,9600,mg/kg,539.223,0.0178,1.7495,Inhibits the germination of fungal spores. Multi-site activity.,
,Metalaxyl-M (Ref: CGA 329351),,CC1=C(C(=CC=C1)C)N(C(C)C(=O)OC)C(=O)COC,445,,#¡REF!,114_PPDB,PPDB,,acute,,rat,oral,=,375,mg/kg,279.335,0.0013,2.8721,Systemic with curative and protective action. Disrupts fungal nucleic acid synthesis - RNA ploymerase 1.,
,Metam-sodium (Ref: N 869),,CNC(=S)[S-].[Na+],447,,#¡REF!,115_PPDB,PPDB,,acute,,rat,oral,=,896,mg/kg,129.183,0.0069,2.1589,"Soil fumigant, binds to oxygen carrying molecules and prevents tissues from using oxygen. Multi-site activity.",
,Metconazole,,CC1(CCC(C1(CN2C=NC=N2)O)CC3=CC=C(C=C3)Cl)C,451,,#¡REF!,116_PPDB,PPDB,,acute,,rat,oral,=,595,mg/kg,319.835,0.0019,2.7304,"Systemic, ergosterol biosynthesis inhibitor",
,Myclobutanil (Ref: RH 3866),,CCCCC(CN1C=NC=N1)(C#N)C2=CC=C(C=C2)Cl,478,,#¡REF!,120_PPDB,PPDB,,acute,,rat,oral,=,1600,mg/kg,288.781,0.0055,2.2564,"Broad spectrum, systemic with protective, eradicative and curative action. Disrupts membrane function by inhibiting sterol biosynthesis.",
,Nabam,,C(CNC(=S)[S-])NC(=S)[S-].[Na+].[Na+],479,,#¡REF!,121_PPDB,PPDB,,acute,,rat,oral,=,395,mg/kg,256.35,0.0015,2.8122,"Non-specific, exact mode of action is unclear but thought to inhibit protein development.",
,Nuarimol (Ref: EL 228),,C1=CC=C(C(=C1)C(C2=CC=C(C=C2)F)(C3=CN=CN=C3)O)Cl,488,,#¡REF!,122_PPDB,PPDB,,acute,,rat,oral,=,1250,mg/kg,314.746,0.0040,2.4011,Systemic with curative and protective action. Sterol demethylation (ergosterol biosynthesis) inhibitor.,
,Octhilinone (Ref: RH 893),,CCCCCCCCN1C(=O)C=CS1,489,,#¡REF!,123_PPDB,PPDB,,acute,,rat,oral,=,550,mg/kg,213.344,0.0026,2.5887,Inhibits fungal growth by inhibiting nucleic acid synthesis (DNA / RNA synthesis).,
,Ofurace (Ref: AE F057623),,CC1=C(C(=CC=C1)C)N(C2CCOC2=O)C(=O)CCl,490,,#¡REF!,124_PPDB,PPDB,,acute,,rat,oral,=,2600,mg/kg,281.738,0.0092,2.0349,Systemic with curative and protective action. Disrupts fungal nucleic acid synthesis - RNA ploymerase 1.,
,Oxadixyl (Ref: SAN 371F),,CC1=C(C(=CC=C1)C)N(C(=O)COC)N2CCOC2=O,497,,#¡REF!,125_PPDB,PPDB,,acute,,rat,oral,=,1860,mg/kg,278.307,0.0067,2.1750,Systemic with curative and protective action. Disrupts fungal nucleic acid synthesis - RNA ploymerase 1.,
,Oxycarboxin (Ref: F 461),,CC1=C(S(=O)(=O)CCO1)C(=O)NC2=CC=CC=C2,500,,#¡REF!,126_PPDB,PPDB,,acute,,rat,oral,=,1632,mg/kg,267.304,0.0061,2.2143,Systemic with curative action. Inhibition of nucleic acid synthesis. Succinate DeHydrogenase Inhibitor.,
,Paclobutrazol (Ref: PP 333),,CC(C)(C)C(C(CC1=CC=C(C=C1)Cl)N2C=NC=N2)O,504,,#¡REF!,127_PPDB,PPDB,,acute,,rat,oral,=,1336,mg/kg,293.797,0.0045,2.3422,"Absorbed through leaves, stem and roots and translocated",
,Pentachlorophenol,,C1(=C(C(=C(C(=C1Cl)Cl)Cl)Cl)Cl)O,513,,#¡REF!,130_PPDB,PPDB,,acute,,rat,oral,=,80,mg/kg,266.338,0.0003,3.5223,Accelerates aerobic metabolism and increases heat production,
,Prochloraz (Ref: BTS 40542),,CCCN(CCOC1=C(C=C(C=C1Cl)Cl)Cl)C(=O)N2C=CN=C2,536,,#¡REF!,132_PPDB,PPDB,,acute,,rat,oral,=,1023,mg/kg,376.67,0.0027,2.5661,Broad-spectrum with protectant and eradicant properties. Disrupts membrane function.,
,Propiconazole (Ref: CGA 64250),,CCCC1COC(O1)(CN2C=NC=N2)C3=C(C=C(C=C3)Cl)Cl,551,,#¡REF!,135_PPDB,PPDB,,acute,,rat,oral,=,550,mg/kg,342.225,0.0016,2.7939,"Systemic with curative and protective action, works via the demethylation of C-14 during ergosterol biosynthesis",
,Pyrazophos (Ref: HOE 2873),,CCOC(=O)C1=CN2C(=CC(=N2)OP(=S)(OCC)OCC)N=C1C,566,,#¡REF!,140_PPDB,PPDB,,acute,,rat,oral,=,151,mg/kg,373.369,0.0004,3.3932,Systemic with protective and curative action. Phospholipid biosynthesis inhibitor.,
,Pyrifenox (Ref: CGA 179945),,CON=C(CC1=CN=CC=C1)C2=C(C=C(C=C2)Cl)Cl,572,,#¡REF!,141_PPDB,PPDB,,acute,,rat,oral,=,2912,mg/kg,295.168,0.0099,2.0059,Systemic with protective and curative action. Disrupts membrane function.,
,Pyrimethanil (Ref: SN 100309),,CC1=CC(=NC(=N1)NC2=CC=CC=C2)C,573,,#¡REF!,142_PPDB,PPDB,,acute,,rat,oral,=,4150,mg/kg,199.256,0.0208,1.6814,Protective action with some curative properties. Inhibits methionine protein synthesis.,
,Pyroquilon (Ref: CGA 49104),,C1CC(=O)N2CCC3=CC=CC1=C32,575,,#¡REF!,143_PPDB,PPDB,,acute,,rat,oral,=,321,mg/kg,173.214,0.0019,2.7321,"Systemic, melanin biosynthesis inhibitor",
,Sodium carbonate,,C(=O)([O-])[O-].[Na+].[Na+],594,,#¡REF!,147_PPDB,PPDB,,acute,,rat,oral,=,4090,mg/kg,105.988,0.0386,1.4135,Not clear but carbonates appear to damage spore cell wall membranes,
,Spiroxamine (Ref: KWG 4168),,CCCN(CC)CC1COC2(O1)CCC(CC2)C(C)(C)C,599,,#¡REF!,148_PPDB,PPDB,,acute,,rat,oral,=,460,mg/kg,297.481,0.0015,2.8107,"Systemic with protective, curative and eradicative action. Disrupts membrane function. Inhibits sterol biosynthesis in membranes.",
,Tebuconazole (Ref: HWG 1608),,CC(C)(C)C(CCC1=CC=C(C=C1)Cl)(CN2C=NC=N2)O,610,,#¡REF!,150_PPDB,PPDB,,acute,,rat,oral,=,1700,mg/kg,307.824,0.0055,2.2579,"Systemic with protective, curative and eradicant action. Disrupts membrane function. Sterol biosynthesis inhibitor.",
,Tecnazene,,C1=C(C(=C(C(=C1Cl)Cl)[N+](=O)[O-])Cl)Cl,615,,#¡REF!,151_PPDB,PPDB,,acute,,rat,oral,=,1256,mg/kg,260.891,0.0048,2.3175,Protective and curative action. Acts by distrupting membrane structure and function. Lipid peroxidation inhibitor.,
,Tetraconazole (Ref: M 14360),,C1=CC(=C(C=C1Cl)Cl)C(CN2C=NC=N2)COC(C(F)F)(F)F,626,,#¡REF!,152_PPDB,PPDB,,acute,,rat,oral,=,1031,mg/kg,372.148,0.0028,2.5575,"Systemic with protectant, eradicant and curative properties. Sterol biosynthesis inhibitor, acts mainly on the vegetative stages of fungi by blocking the mycelial growth either inside or on the surface of the host plant.",
,Triadimefon,,CC(C)(C)C(=O)C(N1C=NC=N1)OC2=CC=C(C=C2)Cl,648,,#¡REF!,158_PPDB,PPDB,,acute,,rat,oral,=,300,mg/kg,293.753,0.0010,2.9909,"Systemic with protective, curative and eradicant action. Disrupts membrane function. Sterol biosynthesis inhibitor.",
,Triadimenol (Ref: BAY KWG 0519),,CC(C)(C)C(C(N1C=NC=N1)OC2=CC=C(C=C2)Cl)O,649,,#¡REF!,159_PPDB,PPDB,,acute,,rat,oral,=,721,mg/kg,295.769,0.0024,2.6130,"Selective with curative, protective and eradicant action. Disrupts membrane function. Sterol biosynthesis inhibitor.",
,Triazoxide (Ref: SAS 9244),,C1=CC2=C(C=C1Cl)[N+](=NC(=N2)N3C=CN=C3)[O-],654,,#¡REF!,160_PPDB,PPDB,,acute,,rat,oral,=,98,mg/kg,247.645,0.0004,3.4026,"Specific, non-systemic",
,Tricyclazole (Ref: EL 291),,CC1=C2C(=CC=C1)SC3=NN=CN23,660,,#¡REF!,161_PPDB,PPDB,,acute,,rat,oral,=,289.7,mg/kg,189.242,0.0015,2.8151,"Systemic, absorbed by roots and foliage and translocated, used mainly as a protectant, inhibits melanin biosynthesis",
,Tridemorph (Ref: BAS 2205-F),,CCCCCCCCCCCCCN1CC(OC(C1)C)C,661,,#¡REF!,162_PPDB,PPDB,,acute,,rat,oral,=,500,mg/kg,297.525,0.0017,2.7746,"Systemic with eradicant action, absorbed by leaves and shoots, some protectant properties. Disrupts membrane function.",
,Triflumizole (Ref: NF 114 ),,CCCOCC(=NC1=C(C=C(C=C1)Cl)C(F)(F)F)N2C=CN=C2,665,,#¡REF!,164_PPDB,PPDB,,acute,,rat,oral,=,1057,mg/kg,345.751,0.0031,2.5147,Systemic with protective and curative action. Inhibitors of chitin biosynthesis.,
,Ziram,,CN(C)C(=S)[S-].CN(C)C(=S)[S-].[Zn+2],684,,#¡REF!,169_PPDB,PPDB,,acute,,rat,oral,=,267,mg/kg,305.829,0.0009,3.0590,Contact action with protective properties. Multi-site activity.,
,Ferimzone (Ref: TF-164),,CC1=CC=CC=C1C(=NNC2=NC(=CC(=N2)C)C)C,719,,#¡REF!,172_PPDB,PPDB,,acute,,rat,oral,=,725,mg/kg,254.336,0.0029,2.5451,Disrupts membrane function. Thought to inhibit mycelial growth and spore germination.,
,Etem,,C1CN2C(=N1)SSC2=S,875,,#¡REF!,174_PPDB,PPDB,,acute,,rat,oral,=,240,mg/kg,176.288,0.0014,2.8660,Contact action,
,,,-,878,,#¡REF!,175_PPDB,PPDB,,acute,,rat,oral,=,-,mg/kg,,#¡VALOR!,#¡VALOR!,"Contact action, eggs covered by an oil film are starved of oxygen and so do not hatch.",
,Methyl isothiocyanate (Ref: SN-32866),,CN=C=S,887,,#¡REF!,176_PPDB,PPDB,,acute,,rat,oral,=,147,mg/kg,73.1188,0.0020,2.6967,Fumigant with contact action,
,"2,4,5-trichlorophenol",,C1=C(C(=CC(=C1Cl)Cl)Cl)O,963,,#¡REF!,177_PPDB,PPDB,,acute,,rat,oral,=,820,mg/kg,197.448,0.0042,2.3816,Causes distorted growth that affects respiration and cell function,
,,,-,965,,#¡REF!,178_PPDB,PPDB,,acute,,rat,oral,=,-,mg/kg,,#¡VALOR!,#¡VALOR!,"Contact action, eggs covered by an oil film are starved of oxygen and so do not hatch.",
,Didecyldimethylammonium chloride (Ref: P0151),,CCCCCCCCCC[N+](C)(C)CCCCCCCCCC.[Cl-],988,,#¡REF!,179_PPDB,PPDB,,acute,,rat,oral,=,150,mg/kg,362.083,0.0004,3.3827,"Broad spectrum, non-systemic",
,"2,5-dichlorobenzoic acid methyl ester",,COC(=O)C1=C(C=CC(=C1)Cl)Cl,1074,,#¡REF!,186_PPDB,PPDB,,acute,,rat,oral,=,1030,mg/kg,205.04,0.0050,2.2990,Topical,
,Iminoctadine triacetate (Ref: DF 125),,CC(=O)O.CC(=O)O.CC(=O)O.C(CCCCN=C(N)N)CCCNCCCCCCCCN=C(N)N,1085,,#¡REF!,187_PPDB,PPDB,,acute,,rat,oral,=,300,mg/kg,535.728,0.0006,3.2518,Protectant. Multi-site activity.,
,Prothiocarb,,CCSC(=O)NCCCN(C)C,1112,,#¡REF!,188_PPDB,PPDB,,acute,,rat,oral,=,1300,mg/kg,190.31,0.0068,2.1655,"Lipid synthesis inhibitor, involves interference with membrane function. Slowly translocated.",
,Fenaminosulf (Ref: BAY 5027),,CN(C)C1=CC=C(C=C1)N=NS(=O)(=O)[O-].[Na+],1130,,#¡REF!,191_PPDB,PPDB,,acute,,rat,oral,=,60,mg/kg,251.241,0.0002,3.6219,Interferes with NADH-ubiquinone reductase (complex I).,
,Ipconazole (Ref: KNF 317),,CC(C)C1CCC(C1(CN2C=NC=N2)O)CC3=CC=C(C=C3)Cl,1140,,#¡REF!,193_PPDB,PPDB,,acute,,rat,oral,=,888,mg/kg,333.862,0.0027,2.5752,"Systemic, broad-spectrun, inhibits sterol synthesis in fungi.",
,Benquinox (Ref: BAY 15080),,C1=CC=C(C=C1)C(=O)NNC2=CC=C(C=C2)N=O,1188,,#¡REF!,195_PPDB,PPDB,,acute,,rat,oral,=,100,mg/kg,241.249,0.0004,3.3825,Systemic,
,Etaconazole (Ref: CGA 64251 ),,CCC1COC(O1)(CN2C=NC=N2)C3=C(C=C(C=C3)Cl)Cl,1196,,#¡REF!,196_PPDB,PPDB,,acute,,rat,oral,=,1343,mg/kg,328.198,0.0041,2.3881,Sterol biosynthesis inhibition,
,Simeconazole,,C[Si](C)(C)CC(CN1C=NC=N1)(C2=CC=C(C=C2)F)O,1204,,#¡REF!,198_PPDB,PPDB,,acute,,rat,oral,=,611,mg/kg,293.417,0.0021,2.6814,"Broad antifungal activity, systemic, absorbed by roots and translocates, sterol demethylation inhibitor",
,Edifenphos (Ref: BAY 78418),,CCOP(=O)(SC1=CC=CC=C1)SC2=CC=CC=C2,1205,,#¡REF!,199_PPDB,PPDB,,acute,,rat,oral,=,150,mg/kg,310.377,0.0005,3.3158,"Phospholipid biosynthesis inhibition, foliar applied with protective and curative action",
,Oxpoconazole fumarate (Ref: UR 50302),,CC1(COC(N1C(=O)N2C=CN=C2)(C)CCCC3=CC=C(C=C3)Cl)C.CC1(COC(N1C(=O)N2C=CN=C2)(C)CCCC3=CC=C(C=C3)Cl)C.C(=CC(=O)O)C(=O)O,1206,,#¡REF!,200_PPDB,PPDB,,acute,,rat,oral,=,1035,mg/kg,839.815,0.0012,2.9092,"Systemic, curative with residual activity, inhibits ergosterol biosynthesis",
,Iprobenfos,,CC(C)OP(=O)(OC(C)C)SCC1=CC=CC=C1,1207,,#¡REF!,201_PPDB,PPDB,,acute,,rat,oral,=,680,mg/kg,288.347,0.0024,2.6274,"Systemic, with both curative and protective properties. Absorbed through roots and translocated. Phospholipid biosynthesis inhibitor",
,Metominostrobin (Ref: SSF 126),,CNC(=O)C(=NOC)C1=CC=CC=C1OC2=CC=CC=C2,1211,,#¡REF!,205_PPDB,PPDB,,acute,,rat,oral,=,708,mg/kg,284.314,0.0025,2.6038,"Systemic with broad-spectrum curative and protectant activity, inhibits respiratory electron transfer. Respiration inhibitor (QoL fungicide).",
,Tecloftalam (Ref: SF 7402),,C1=CC(=C(C(=C1)Cl)Cl)NC(=O)C2=C(C(=C(C(=C2Cl)Cl)Cl)Cl)C(=O)O,1214,,#¡REF!,208_PPDB,PPDB,,acute,,rat,oral,=,2340,mg/kg,447.916,0.0052,2.2820,Inhibits the growth of bacteria,
,Diflumetorim (Ref: UBF 002),,CCC(C1=CC=C(C=C1)OC(F)F)NC2=NC=NC(=C2Cl)C,1216,,#¡REF!,210_PPDB,PPDB,,acute,,rat,oral,=,448,mg/kg,327.761,0.0014,2.8643,"Protectant and curative activity, inhibition of complex I NADH Oxido-reductase.",
,Flumorph (Ref: SYP L190),,COC1=C(C=C(C=C1)C(=CC(=O)N2CCOCC2)C3=CC=C(C=C3)F)OC,1217,,#¡REF!,211_PPDB,PPDB,,acute,,rat,oral,=,2710,mg/kg,371.407,0.0073,2.1369,"Systemic, displays protectant, curative and antisporulant activity, though to disturb the polar deposition of newly synthesized cell wall material",
,Methasulfocarb (Ref: NK 191),,CNC(=O)SC1=CC=C(C=C1)OS(=O)(=O)C,1218,,#¡REF!,212_PPDB,PPDB,,acute,,rat,oral,=,112,mg/kg,261.321,0.0004,3.3680,Growth retarding activity,
,Bentaluron (Ref: CGA 18734),,CC(C)NC(=O)NC1=NC2=CC=CC=C2S1,1254,,#¡REF!,215_PPDB,PPDB,,acute,,rat,oral,=,-,mg/kg,235.31,#¡VALOR!,#¡VALOR!,Unknown,
,Cyprofuram (Ref: SN 78314),,C1CC1C(=O)N(C2CCOC2=O)C3=CC(=CC=C3)Cl,1286,,#¡REF!,216_PPDB,PPDB,,acute,,rat,oral,=,174,mg/kg,279.722,0.0006,3.2062,"Systemic, inhibits zoospore release",
,Chlordecone (Ref: ENT 16391),,C1(=O)C2(C3(C4(C1(C5(C2(C3(C(C45Cl)(Cl)Cl)Cl)Cl)Cl)Cl)Cl)Cl)Cl,1293,,#¡REF!,219_PPDB,PPDB,,acute,,rat,oral,=,91.3,mg/kg,490.639,0.0002,3.7303,Central nervous system stimulant. GABA-gated chloride channel antagonist. Has stomach action and also weak contact activity,
,Talc E553B,,[Mg+2].[Mg+2].[Mg+2].[O-][Si]([O-])=O.[O-][Si]([O-])=O.[O-][Si](=O)O.[O-][Si](=O)O,1307,,#¡REF!,221_PPDB,PPDB,,acute,,rat,oral,=,920,mg/kg,379.263,0.0024,2.6152,"Inert, repellent action",
,2-phenylphenol,,C1=CC=C(C=C1)C2=CC=CC=C2O,1340,,#¡REF!,226_PPDB,PPDB,,acute,,rat,oral,=,2733,mg/kg,170.21,0.0161,1.7943,"Broad-spectrum, contact",
,Propionic acid,,CCC(=O)O,1341,,#¡REF!,227_PPDB,PPDB,,acute,,rat,oral,=,-,mg/kg,74.0786,#¡VALOR!,#¡VALOR!,Though to depress microbial growth in the gastro-intestinal tract,
,8-hydroxyquinoline,,C1=CC2=C(C(=C1)O)N=CC=C2,1354,,#¡REF!,228_PPDB,PPDB,,acute,,rat,oral,=,790,mg/kg,145.161,0.0054,2.2642,"Systemic, preventative and curative - chelates various metals required by micro-organisms for their metabolism.",
,,,-,1376,,#¡REF!,232_PPDB,PPDB,,acute,,rat,oral,=,-,mg/kg,,#¡VALOR!,#¡VALOR!,"Contact action, eggs covered by an oil film are starved of oxygen and so do not hatch.",
,Isopyrazam (Ref: SYN 520453),,CC(C)C1C2CCC1C3=C2C=CC=C3NC(=O)C4=CN(N=C4C(F)F)C,1449,,#¡REF!,235_PPDB,PPDB,,acute,,rat,oral,=,2000,mg/kg,359.419,0.0056,2.2546,"Protectant, foliar absorption, translocates, inhibits respiration and spore germination and so germ tude elongation - a succinate dehydrogenase inhibitor",
,Barium polysulphide,,[S-2].[Ba+2],1458,,#¡REF!,236_PPDB,PPDB,,acute,,rat,oral,=,375,mg/kg,169.396,0.0022,2.6549,"Phytotoxic, alkaline corrosive nature may also attack cell membranes",
,,,-,1461,,#¡REF!,237_PPDB,PPDB,,acute,,rat,oral,=,-,mg/kg,,#¡VALOR!,#¡VALOR!,"Broad spectrum, non-systemic, inhibiting fungal spores from entering the host tissues",
,Fentin chloride (Ref: HOE 2872),,C1=CC=C(C=C1)[Sn](C2=CC=CC=C2)(C3=CC=CC=C3)Cl,1477,,#¡REF!,241_PPDB,PPDB,,acute,,rat,oral,=,135,mg/kg,385.48,0.0004,3.4557,Non-systemic with predominate contact activity. Inhibitor of ATP synthase.,
,Asomate,,CN(C)C(=S)S[As](SC(=S)N(C)C)SC(=S)N(C)C,1510,,#¡REF!,243_PPDB,PPDB,,acute,,rat,oral,=,335,mg/kg,435.581,0.0008,3.1140,Protective and curative action,
,Potassium iodide,,[K+].[I-],1529,,#¡REF!,244_PPDB,PPDB,,acute,,rat,oral,=,1862,mg/kg,165.998,0.0112,1.9501,"Contact, curative action, kills spores and mycelium within 24hrs by inhibiting growth, respiration and other metabolic functions",
,Potassium thiocyanate,,C(#N)[S-].[K+],1530,,#¡REF!,245_PPDB,PPDB,,acute,,rat,oral,=,854,mg/kg,97.182,0.0088,2.0561,"Contact, curative action, kills spores and mycelium within 24hrs by inhibiting growth, respiration and other metabolic functions",
,Propamocarb (Ref: SN 39744),,CCCOC(=O)NCCCN(C)C,1546,,#¡REF!,246_PPDB,PPDB,,acute,,rat,oral,=,-,mg/kg,188.27,#¡VALOR!,#¡VALOR!,"Systemic, with protective action absorbed by roots and leaves and translocated. Lipid synthesis inhibitor.",
,Furmecyclox (Ref: BAS 389F),,CC1=CC(=C(O1)C)C(=O)N(C2CCCCC2)OC,1566,,#¡REF!,248_PPDB,PPDB,,acute,,rat,oral,=,3780,mg/kg,251.325,0.0150,1.8227,"Systemic, inhibits mitochondrial function",
,Glutaraldehyde,,C(CC=O)CC=O,1567,,#¡REF!,249_PPDB,PPDB,,acute,,rat,oral,=,134,mg/kg,100.117,0.0013,2.8734,Inhibits the synthesis of macromolecules,
,Sulfuryl fluoride,,O=S(=O)(F)F,1569,,#¡REF!,251_PPDB,PPDB,,acute,,rat,oral,=,100,mg/kg,102.06,0.0010,3.0089,Non-systemic with complex mode of action that prevents stored fats to be utilised leading to insufficent energy available for survival,
,2-(thiocyanomethylthio)benzothiazole,,C1=CC=C2C(=C1)N=C(S2)SCSC#N,1573,,#¡REF!,252_PPDB,PPDB,,acute,,rat,oral,=,143,mg/kg,238.359,0.0006,3.2219,Complex - reacts with the nucleophilic cell entities which causes the antimicrobial activity. Also known to inhibit flavoenzymes in the tricarboxylic acid cycle.,
,"10,10'-oxybisphenoxarsine (Ref: HSDB 6375)",,C1=CC=C2C(=C1)OC3=CC=CC=C3[As]2O[As]4C5=CC=CC=C5OC6=CC=CC=C64,1614,,#¡REF!,253_PPDB,PPDB,,acute,,rat,oral,=,40,mg/kg,502.232,0.0001,4.0988,Broad spectrum,
,Chloroxylenol,,CC1=CC(=CC(=C1Cl)C)O,1615,,#¡REF!,254_PPDB,PPDB,,acute,,rat,oral,=,3830,mg/kg,156.611,0.0245,1.6116,"Causes disruption of cell membrane potentials, blocking production of adenosine triphosphate",
,"2,2-dibromo-3-nitrilopropionamide (Ref: XD 1603)",,C(#N)C(C(=O)N)(Br)Br,1618,,#¡REF!,255_PPDB,PPDB,,acute,,rat,oral,=,235,mg/kg,241.87,0.0010,3.0125,Broad spectrum antimicrobial activity,
,"2,4-dimethylphenol",,CC1=CC(=C(C=C1)O)C,1619,,#¡REF!,256_PPDB,PPDB,,acute,,rat,oral,=,242,mg/kg,122.166,0.0020,2.7031,Selective,
,Bis-trichloromethyl sulfone,,C(S(=O)(=O)C(Cl)(Cl)Cl)(Cl)(Cl)Cl,1621,,#¡REF!,257_PPDB,PPDB,,acute,,rat,oral,=,691,mg/kg,300.804,0.0023,2.6388,Broad spectrum,
,Pyraoxystrobin (Ref: SYP 3343),,CN1C(=CC(=N1)C2=CC=C(C=C2)Cl)OCC3=CC=CC=C3C(=COC)C(=O)OC,1657,,#¡REF!,262_PPDB,PPDB,,acute,,rat,oral,=,-,mg/kg,412.872,#¡VALOR!,#¡VALOR!,Respiration inhibitor (QoL fungicide).,
,Tebufloquin,,CC1=C(C2=CC(=CC(=C2N=C1C)F)C(C)(C)C)OC(=O)C,1658,,#¡REF!,263_PPDB,PPDB,,acute,,rat,oral,=,-,mg/kg,289.349,#¡VALOR!,#¡VALOR!,Protective and curative,
,Cycloheximide,,CC1CC(C(=O)C(C1)C(CC2CC(=O)NC(=O)C2)O)C,1680,,#¡REF!,266_PPDB,PPDB,,acute,,rat,oral,=,133,mg/kg,281.351,0.0005,3.3254,A protein biosynthesis inhibitor,
,Tolfenpyrad (Ref: OMI 88),,CCC1=NN(C(=C1Cl)C(=O)NCC2=CC=C(C=C2)OC3=CC=C(C=C3)C)C,1687,,#¡REF!,267_PPDB,PPDB,,acute,,rat,oral,=,386,mg/kg,383.878,0.0010,2.9976,"Broad spectrum, contact activity, exhibits antifeedant activity especially against Lepidoptera. Mitochondrial complex I electron transport inhibitor.",
,Azithiram (Ref: PP 447),,CN(C)NC(=S)SSC(=S)NN(C)C,1693,,#¡REF!,268_PPDB,PPDB,,acute,,rat,oral,=,-,mg/kg,270.469,#¡VALOR!,#¡VALOR!,"Broad spectrum, non-systemic with protective action",
,Lime sulphur,,[S-]SSS[S-].[Ca+2],1727,,#¡REF!,269_PPDB,PPDB,,acute,,rat,oral,=,1343,mg/kg,200.408,0.0067,2.1738,Acts by distrupting metabloslism but also utilises the fungicidal properties of elemental sulfur during its degradation and so acts as a protectant,
,Thymol,,CC1=CC(=C(C=C1)C(C)C)O,1889,,#¡REF!,273_PPDB,PPDB,,acute,,rat,oral,=,980,mg/kg,150.22,0.0065,2.1855,"Contact, GABAergic activity and also repels vertebrate pests by a non-toxic mode of action but is toxic to micro-organisms",
,Terpinen-4-ol,,CC1=CCC(CC1)(C(C)C)O,2012,,#¡REF!,278_PPDB,PPDB,,acute,,rat,oral,=,1300,mg/kg,154.252,0.0084,2.0743,"Tea tree oil appears to disrupt the permeability barrier of microbial cell membrane structures, causing loss of chemiosmotic control.",
,Gamma-terpinene,,CC1=CCC(=CC1)C(C)C,2013,,#¡REF!,279_PPDB,PPDB,,acute,,rat,oral,=,3650,mg/kg,136.237,0.0268,1.5720,"Tea tree oil appears to disrupt the permeability barrier of microbial cell membrane structures, causing loss of chemiosmotic control.",
,Alpha-terpinene,,CC1=CC=C(CC1)C(C)C,2014,,#¡REF!,280_PPDB,PPDB,,acute,,rat,oral,=,1680,mg/kg,136.237,0.0123,1.9090,"Tea tree oil appears to disrupt the permeability barrier of microbial cell membrane structures, causing loss of chemiosmotic control.",
,Alpha-terpineol,,CC1=CCC(CC1)C(C)(C)O,2015,,#¡REF!,281_PPDB,PPDB,,acute,,rat,oral,=,5170,mg/kg,154.252,0.0335,1.4747,"Tea tree oil appears to disrupt the permeability barrier of microbial cell membrane structures, causing loss of chemiosmotic control.",
,Alpha-terpinoline,,CC1=CCC(=C(C)C)CC1,2016,,#¡REF!,282_PPDB,PPDB,,acute,,rat,oral,=,4390,mg/kg,136.237,0.0322,1.4918,"Tea tree oil appears to disrupt the permeability barrier of microbial cell membrane structures, causing loss of chemiosmotic control.",
,Alpha-pinene,,CC1=CCC2CC1C2(C)C,2017,,#¡REF!,283_PPDB,PPDB,,acute,,rat,oral,=,3700,mg/kg,136.237,0.0272,1.5661,"Tea tree oil appears to disrupt the permeability barrier of microbial cell membrane structures, causing loss of chemiosmotic control.",
,Para-cymene,,CC1=CC=C(C=C1)C(C)C,2018,,#¡REF!,284_PPDB,PPDB,,acute,,rat,oral,=,4750,mg/kg,134.221,0.0354,1.4511,"Tea tree oil appears to disrupt the permeability barrier of microbial cell membrane structures, causing loss of chemiosmotic control.",
,Boric acid,,B(O)(O)O,2136,,#¡REF!,287_PPDB,PPDB,,acute,,rat,oral,=,2660,mg/kg,61.8318,0.0430,1.3663,Stomach poison. Antifeed for insects distrupting insect enzyme & digestive systems. Multi-site activity.,
,Phenylmercuric acetate,,CC(=O)O[Hg]C1=CC=CC=C1,2142,,#¡REF!,288_PPDB,PPDB,,acute,,rat,oral,=,70,mg/kg,336.74,0.0002,3.6822,An antitranspirant,
,Borax,,B(=O)OB([O-])OB([O-])OB=O.O.O.O.O.O.O.O.O.O.O.[Na+].[Na+],2143,,#¡REF!,289_PPDB,PPDB,,acute,,rat,oral,=,2660,mg/kg,381.366,0.0070,2.1565,Stomach poison for insects. Multi-site activity.,
,Sodium tetraborate pentahydrate,,B(O)(O)O.O.O.O.O.O.[Na+],2144,,#¡REF!,290_PPDB,PPDB,,acute,,rat,oral,=,2660,mg/kg,174.896,0.0152,1.8179,Stomach poison for insects. Multi-site activity.,
,Kasugamycin,,CC1C(CC(C(O1)OC2C(C(C(C(C2O)O)O)O)O)N)N=C(C(=O)O)N,2195,,#¡REF!,292_PPDB,PPDB,,acute,,rat,oral,=,21000,mg/kg,379.365,0.0554,1.2568,"Contact action resulting in the inhibition of protein biosynthesis reducing bacterial growth and reproduction (bacteriostatic), rather than killing the bacteria directly.",
,Metam-potassium,,CNC(=S)[S-].[K+],2394,,#¡REF!,294_PPDB,PPDB,,acute,,rat,oral,=,630,mg/kg,145.291,0.0043,2.3629,"Soil fumigant, binds to oxygen carrying molecules and prevents tissues from using oxygen. Multi-site activity.",
,Inezin,,CCOP(=O)(C1=CC=CC=C1)SCC2=CC=CC=C2,2431,,#¡REF!,296_PPDB,PPDB,,acute,,rat,oral,=,720,mg/kg,292.338,0.0025,2.6086,Acetylcholinesterase (AChE) inhibitor.,
,Fenapanil,,CCCCC(CN1C=CN=C1)(C#N)C2=CC=CC=C2,2432,,#¡REF!,297_PPDB,PPDB,,acute,,rat,oral,=,1590,mg/kg,253.348,0.0063,2.2023,Systemic translocation,
,Furyloxyfen,,C1COCC1OC2=C(C=CC(=C2)OC3=C(C=C(C=C3)C(F)(F)F)Cl)[N+](=O)[O-],2434,,#¡REF!,298_PPDB,PPDB,,acute,,rat,oral,=,-,mg/kg,403.739,#¡VALOR!,#¡VALOR!,Protoporphyrinogen inhibitor.,
,Chloraniformethan (Ref: BAY 79770 ),,C1=CC(=C(C=C1NC(C(Cl)(Cl)Cl)NC=O)Cl)Cl,2448,,#¡REF!,299_PPDB,PPDB,,acute,,rat,oral,=,2500,mg/kg,336.433,0.0074,2.1290,Curative action,
,Climbazole (Ref: 106162),,CC(C)(C)C(=O)C(N1C=CN=C1)OC2=CC=C(C=C2)Cl,2454,,#¡REF!,300_PPDB,PPDB,,acute,,rat,oral,=,400,mg/kg,292.765,0.0014,2.8645,Systemic with protective and curative action. Sterol demethylation inhibitor.,
,Hexylthiofos,,CCOP(=O)(OC1CCCCC1)SCC,2455,,#¡REF!,301_PPDB,PPDB,,acute,,rat,oral,=,-,mg/kg,252.314,#¡VALOR!,#¡VALOR!,Acetylcholinesterase (AChE) inhibitor.,
,Difenzoquat metilsulfate (Ref: AC 84777),,CN1C(=CC(=[N+]1C)C2=CC=CC=C2)C3=CC=CC=C3.COS(=O)(=O)[O-],2515,,#¡REF!,305_PPDB,PPDB,,acute,,rat,oral,=,373,mg/kg,360.433,0.0010,2.9851,"Selective, absorbed by foliage. Acts via the rapid destruction of cell membranes.",
,Fenitropan (Ref: EGYT 2248),,CC(=O)OCC(C(C1=CC=CC=C1)OC(=O)C)[N+](=O)[O-],2558,,#¡REF!,307_PPDB,PPDB,,acute,,rat,oral,=,-,mg/kg,281.263,#¡VALOR!,#¡VALOR!,Thought to inhibit bacteria RNA synthesis. Contact action.,
,Diclocymet (Ref: S-2900),,CC(C1=C(C=C(C=C1)Cl)Cl)NC(=O)C(C#N)C(C)(C)C,2559,,#¡REF!,308_PPDB,PPDB,,acute,,rat,oral,=,-,mg/kg,313.227,#¡VALOR!,#¡VALOR!,Systemic and long lasting action. Inhibits melanin biosynthesis.,
,Dinocton,,CC(C)CCCCCC1=CC(=CC(=C1OC(=O)OC)[N+](=O)[O-])[N+](=O)[O-],2573,,#¡REF!,311_PPDB,PPDB,,acute,,rat,oral,=,1695,mg/kg,354.358,0.0048,2.3203,Contact with protective and curative action. Respiration inhibitor. Uncoupler of oxidative phosphorylation via disruption of proton gradient.,
,Dinopenton,,CCCC(C)C1=CC(=CC(=C1OC(=O)OC(C)C)[N+](=O)[O-])[N+](=O)[O-],2574,,#¡REF!,312_PPDB,PPDB,,acute,,rat,oral,=,-,mg/kg,340.331,#¡VALOR!,#¡VALOR!,Contact with protective and curative action. Respiration inhibitor. Uncoupler of oxidative phosphorylation via disruption of proton gradient.,
,Dinosulfon (Ref: MC 1143),,CCCCCCC(C)C1=CC(=CC(=C1OC(=O)SC)[N+](=O)[O-])[N+](=O)[O-],2575,,#¡REF!,313_PPDB,PPDB,,acute,,rat,oral,=,-,mg/kg,370.425,#¡VALOR!,#¡VALOR!,Contact with protective and curative action. Respiration inhibitor. Uncoupler of oxidative phosphorylation via disruption of proton gradient.,
,Tributyltin oxide (Ref: ENT 24979),,CCCC[Sn](CCCC)(CCCC)O[Sn](CCCC)(CCCC)CCCC,2585,,#¡REF!,314_PPDB,PPDB,,acute,,rat,oral,=,55,mg/kg,596.112,0.0001,4.0350,"Broad spectrum, non-systemic, phytotoxic; A metabolic inhibitor with contact and stomach action.",
,,,-,2590,,#¡REF!,315_PPDB,PPDB,,acute,,rat,oral,=,-,mg/kg,,#¡VALOR!,#¡VALOR!,Sterol C14 biosynthesis (demethylase) inhibitor. Thought to inhibit the biosynthesis of ergosterol at the 14a-demethylation step.,
,Coumoxystrobin (Ref: SYP 3375),,CCCCC1=C(C2=C(C=C(C=C2)OCC3=CC=CC=C3C(=COC)C(=O)OC)OC1=O)C,2612,,#¡REF!,317_PPDB,PPDB,,acute,,rat,oral,=,-,mg/kg,436.502,#¡VALOR!,#¡VALOR!,"Broad-spectrum. Protective, induces antimicrobial enzyme synthesis. Respiration inhibitor (QoL fungicide).",
,Flufenoxystrobin (Ref: SYP 3759),,COC=C(C1=CC=CC=C1COC2=C(C=C(C=C2)C(F)(F)F)Cl)C(=O)OC,2613,,#¡REF!,318_PPDB,PPDB,,acute,,rat,oral,=,-,mg/kg,400.779,#¡VALOR!,#¡VALOR!,"Broad-spectrum. Protective, induces antimicrobial enzyme synthesis. Respiration inhibitor - Quinone Outside Inhibitor (QoI).",
,Fenaminstrobin (Ref: SYP 1620),,CC(=NOCC1=CC=CC=C1C(=NOC)C(=O)NC)C=CC2=C(C=CC=C2Cl)Cl,2614,,#¡REF!,319_PPDB,PPDB,,acute,,rat,oral,=,-,mg/kg,434.322,#¡VALOR!,#¡VALOR!,Broad-spectrum. Respiration inhibitor- Quinone Outside Inhibitor (QoI).,
,Triclopyricarb (Ref: SYP 7017),,COC(=O)N(C1=CC=CC=C1COC2=NC(=C(C=C2Cl)Cl)Cl)OC,2615,,#¡REF!,320_PPDB,PPDB,,acute,,rat,oral,=,-,mg/kg,391.637,#¡VALOR!,#¡VALOR!,Broad spectrum. Respiration inhibitor - Quinone Outside Inhibitor (QoI).,
,Pyrisoxazole (Ref: SYP 48),,CC1(CC(ON1C)C2=CC=C(C=C2)Cl)C3=CN=CC=C3,2616,,#¡REF!,321_PPDB,PPDB,,acute,,rat,oral,=,-,mg/kg,288.777,#¡VALOR!,#¡VALOR!,Sterol biosynthesis inhibitor,
,Benzovindiflupyr,,CN1C=C(C(=N1)C(F)F)C(=O)NC2=CC=CC3=C2C4CCC3C4=C(Cl)Cl,2621,,#¡REF!,323_PPDB,PPDB,,acute,,rat,oral,=,55,mg/kg,398.239,0.0001,3.8598,Inhibits mitochondrial functions - Succinate Dehydrogenase Inhibitor (SDHI),
,Coumethoxystrobin,,CC1=C(C(=O)OC2=C1C=CC(=C2)OCC3=CC=CC=C3C(=COC)C(=O)OC)C,2626,,#¡REF!,324_PPDB,PPDB,,acute,,rat,oral,=,-,mg/kg,394.422,#¡VALOR!,#¡VALOR!,Respiration inhibitor (QoL fungicide).,
,Chlobenthiazone (Ref: S1901),,CN1C2=C(C=CC=C2Cl)SC1=O,2647,,#¡REF!,327_PPDB,PPDB,,acute,,rat,oral,=,1940,mg/kg,199.661,0.0097,2.0125,"Systemic, inhibits infection sites, strong inhibitor of aflatoxin synthesis by A. flavus",
,Picarbutrazox (Ref: NF-171),,CC(C)(C)OC(=O)NC1=CC=CC(=N1)CON=C(C2=CC=CC=C2)C3=NN=NN3C,2667,,#¡REF!,328_PPDB,PPDB,,acute,,rat,oral,=,-,mg/kg,409.449,#¡VALOR!,#¡VALOR!,-,
,Benzamacril,,CN(CC1=CC=CC=C1)C=C(C#N)C(=O)O,2707,,#¡REF!,329_PPDB,PPDB,,acute,,rat,oral,=,-,mg/kg,216.239,#¡VALOR!,#¡VALOR!,-,
,Benzamacril isobutyl,,CC(C)COC(=O)C(=CN(C)CC1=CC=CC=C1)C#N,2708,,#¡REF!,330_PPDB,PPDB,,acute,,rat,oral,=,-,mg/kg,272.347,#¡VALOR!,#¡VALOR!,-,
,Benzamorf (Ref: BAS 276F),,CCCCCCCCCCCCC1=CC=C(C=C1)S(=O)(=O)O.C1COCCN1,2709,,#¡REF!,331_PPDB,PPDB,,acute,,rat,oral,=,-,mg/kg,413.621,#¡VALOR!,#¡VALOR!,Lipophilic,
,Bethoxazin (Ref: R 102622),,C1CS(=O)C(=NO1)C2=CC3=CC=CC=C3S2,2712,,#¡REF!,332_PPDB,PPDB,,acute,,rat,oral,=,-,mg/kg,251.329,#¡VALOR!,#¡VALOR!,-,
,Bis(methylmercury) sulphate (Ref: B4992),,C[Hg]OS(=O)(=O)O[Hg]C,2716,,#¡REF!,333_PPDB,PPDB,,acute,,rat,oral,=,-,mg/kg,527.312,#¡VALOR!,#¡VALOR!,-,
,Carbamorph (Ref: MC 833),,CN(C)C(=S)SCN1CCOCC1,2722,,#¡REF!,335_PPDB,PPDB,,acute,,rat,oral,=,-,mg/kg,220.36,#¡VALOR!,#¡VALOR!,-,
,"N-(3-chloro-2,6-dimethylphenyl)-2-methoxy-N-(tetrahydr-2-oxo-3-furanyl)acetamide (Ref: CGA 80000)",,COCC(=O)N(C1CCOC1=O)c2c(C)ccc(Cl)c2C,2726,,#¡REF!,336_PPDB,PPDB,,acute,,rat,oral,=,808,mg/kg,311.764,0.0026,2.5864,Systemic,
,Chlorfenazole (Ref: CUR 616),,C1=CC=C(C(=C1)C2=NC3=CC=CC=C3N2)Cl,2731,,#¡REF!,337_PPDB,PPDB,,acute,,rat,oral,=,-,mg/kg,228.681,#¡VALOR!,#¡VALOR!,Broad spectrum,
,Copper bis(3-phenylsalicylate),,C1=CC=C(C=C1)C2=C(C(=CC=C2)C(=O)[O-])[O-].[Cu+2],2741,,#¡REF!,339_PPDB,PPDB,,acute,,rat,oral,=,-,mg/kg,275.75,#¡VALOR!,#¡VALOR!,Absorbed copper disrupts the enzyme systems of pathogens. Multi-site activity.,
,Dehydroacetic acid,,CC1=CC(=C(C(=O)O1)C(=O)C)O,2754,,#¡REF!,341_PPDB,PPDB,,acute,,rat,oral,=,1000,mg/kg,168.148,0.0059,2.2257,-,
,Diammonium ethylenebis (dithiocarbamate),,C(CNC(=S)[S-])NC(=S)[S-].[NH4+].[NH4+],2758,,#¡REF!,342_PPDB,PPDB,,acute,,rat,oral,=,395,mg/kg,246.447,0.0016,2.7951,"Non-specific, inhibts respiration.",
,Dipyrithione (Ref: OSY-20),,C1=CC=[N+](C(=C1)SSC2=CC=CC=[N+]2[O-])[O-],2764,,#¡REF!,343_PPDB,PPDB,,acute,,rat,oral,=,-,mg/kg,252.318,#¡VALOR!,#¡VALOR!,Inhibits the LPS-induced up-regulation of nitric oxide synthase (iNOS) and cyclooxygenase-2 (COX-2) protein level in RAW264.7 cells.,
,Drazoxolon (Ref: PP781),,CC1=NOC(=O)C1=NNC2=CC=CC=C2Cl,2770,,#¡REF!,344_PPDB,PPDB,,acute,,rat,oral,=,126,mg/kg,237.646,0.0005,3.2756,Protective and curative action.,
,Furconazole (Ref: LS 840608),,C1CC(OC1OCC(F)(F)F)(CN2C=NC=N2)C3=C(C=C(C=C3)Cl)Cl,2783,,#¡REF!,346_PPDB,PPDB,,acute,,rat,oral,=,-,mg/kg,396.195,#¡VALOR!,#¡VALOR!,Sterol demethlyation inhibitor. Systemic with both protective and curative action,
,Gliotoxin (Ref: SN 12879),,CN1C(=O)C23CC4=CC=CC(C4N2C(=O)C1(SS3)CO)O,2793,,#¡REF!,348_PPDB,PPDB,,acute,,rat,oral,=,67,mg/kg,326.396,0.0002,3.6877,"Various mechanisms including inhibition of chymotrypsin-like activity of the 20S proteasome, Ca2+ release from mitochondria and activation of transcription factor NF-kB in response to a variety of stimuli in T and B cells. Proteasome inhibitor.",
,Glyodin,,CCCCCCCCCCCCCCCCCC1=NCC[NH2+]1.CC(=O)[O-],2794,,#¡REF!,349_PPDB,PPDB,,acute,,rat,oral,=,-,mg/kg,368.603,#¡VALOR!,#¡VALOR!,Protective action,
,Mercuric oxide,,O=[Hg],2819,,#¡REF!,354_PPDB,PPDB,,acute,,rat,oral,=,18,mg/kg,216.589,0.0001,4.0804,"Broad spectrum, strong toxin to most living organism",
,,,Cl2Hg2,2820,,#¡REF!,355_PPDB,PPDB,,acute,,rat,oral,=,210,mg/kg,,#¡DIV/0!,#¡DIV/0!,"Broad spectrum, strong toxin to most living organism",
,2-methoxyethylmercury acetate,,CC(=O)O[Hg]CCOC,2824,,#¡REF!,357_PPDB,PPDB,,acute,,rat,oral,=,25,mg/kg,318.721,0.0001,4.1055,Toxic to most living organisms,
,Methylarsenic sulphide,,C[As]=S,2826,,#¡REF!,358_PPDB,PPDB,,acute,,rat,oral,=,100,mg/kg,122.023,0.0008,3.0864,Toxic to most living organisims,
,Phenylmercury nitrate,,C1=CC=C(C=C1)[Hg]O[N+](=O)[O-],2839,,#¡REF!,361_PPDB,PPDB,,acute,,rat,oral,=,27,mg/kg,339.7,0.0001,4.0997,Toxic to most living organisms,
,Triamiphos (Ref: WP 155),,CN(C)P(=O)(N1C(=NC(=N1)C2=CC=CC=C2)N)N(C)C,2858,,#¡REF!,366_PPDB,PPDB,,acute,,rat,oral,=,10,mg/kg,294.298,0.0000,4.4688,Cholinesterase inhibitor,
,Sodium hydrogen carbonate,,C(=O)(O)[O-].[Na+],2873,,#¡REF!,368_PPDB,PPDB,,acute,,rat,oral,=,4220,mg/kg,84.0059,0.0502,1.2990,"Broad spectrum, contact activity, rapid effect. Preventative with a slight curative activity",
,Sodium arsenite,,[O-][As]=O.[Na+],2877,,#¡REF!,369_PPDB,PPDB,,acute,,rat,oral,=,10,mg/kg,129.91,0.0001,4.1136,Acts via enzyme inhibition,
,Dimethyl disulfide,,CSSC,2886,,#¡REF!,370_PPDB,PPDB,,acute,,rat,oral,=,190,mg/kg,94.2016,0.0020,2.6953,As an insecticide dimethyl disulfide works by causing mitochodrial dysfunction. Broad-spectrum fungicide.,
,Bithionol,,C1=C(C=C(C(=C1Cl)O)SC2=CC(=CC(=C2O)Cl)Cl)Cl,2889,,#¡REF!,371_PPDB,PPDB,,acute,,rat,oral,=,7,mg/kg,356.056,0.0000,4.7064,An uncoupler of oxidative phosphorylation,
,Debacarb,,CCOCCOCCOC(=O)NC1=NC2=CC=CC=C2N1,2890,,#¡REF!,372_PPDB,PPDB,,acute,,rat,oral,=,-,mg/kg,293.322,#¡VALOR!,#¡VALOR!,"Inhibition of deoxyribonucleic acid (DNA) synthesis. Cholinesterase inhibitor. Translocates to fruit, seeds, foliage and pollen",
,Decafentin (Ref: CELA A-36),,CCCCCCCCCC[P+](C1=CC=CC=C1)(C2=CC=CC=C2)C3=CC=CC=C3.C1=CC=C(C=C1)[Sn+](C2=CC=CC=C2)C3=CC=CC=C3.[Cl-].[Br-],2891,,#¡REF!,373_PPDB,PPDB,,acute,,rat,oral,=,550,mg/kg,868.952,0.0006,3.1986,-,
,Ethylmercury bromide,,C[CH2].[Br-].[Hg+],2892,,#¡REF!,374_PPDB,PPDB,,acute,,rat,oral,=,-,mg/kg,309.556,#¡VALOR!,#¡VALOR!,-,
,Mecarbinzid,,COC(=O)NC1=NC2=CC=CC=C2N1C(=O)NCCSC,2904,,#¡REF!,376_PPDB,PPDB,,acute,,rat,oral,=,-,mg/kg,308.361,#¡VALOR!,#¡VALOR!,"Systemic, disturbs cell division and cell cycle mechanisms.",
,Methylene bisthiocyanate,,C(SC#N)SC#N,2905,,#¡REF!,377_PPDB,PPDB,,acute,,rat,oral,=,81.4,mg/kg,130.195,0.0006,3.2040,-,
,Probenazole,,C=CCOC1=NS(=O)(=O)C2=CC=CC=C21,2928,,#¡REF!,381_PPDB,PPDB,,acute,,rat,oral,=,2030,mg/kg,223.251,0.0091,2.0413,Induces systemic acquired resistence - plant defense activator,
,Oxine-copper,,C1=CC2=C(C(=C1)[O-])N=CC=C2.C1=CC2=C(C(=C1)[O-])N=CC=C2.[Cu+2],2930,,#¡REF!,383_PPDB,PPDB,,acute,,rat,oral,=,300,mg/kg,351.851,0.0009,3.0692,Absorbed copper disrupts the enzyme systems of pathogens. Multi-site activity.,
,,,-,2988,,#¡REF!,385_PPDB,PPDB,,acute,,rat,oral,=,140,mg/kg,,#¡DIV/0!,#¡DIV/0!,Multi-action,
,2-methoxyethylmercury chloride (Ref: LS 685),,COC[CH2].[Cl-].[Hg+],2990,,#¡REF!,386_PPDB,PPDB,,acute,,rat,oral,=,30,mg/kg,295.131,0.0001,3.9929,Acts by reacting with the sulfydryl group in fungal pathogens and inhibits growth,
,Thioquinox (Ref: BAY 30686),,C1=CC=C2C(=C1)N=C3C(=N2)SC(=S)S3,2999,,#¡REF!,388_PPDB,PPDB,,acute,,rat,oral,=,3400,mg/kg,236.343,0.0144,1.8421,Binds with amino and mercapto groups resulting in the inhibition of various enzymes,
,Dimetachlone (Ref: S-47127),,C1CC(=O)N(C1=O)C2=CC(=CC(=C2)Cl)Cl,3023,,#¡REF!,389_PPDB,PPDB,,acute,,rat,oral,=,750,mg/kg,244.077,0.0031,2.5125,"Limited systemic activity, mainly stomach but some contact action. Uncoupler of oxidative phosphorylation.",
,Seboctylamine,,CCCCCCCCNCCNCCNCCCCCCCC,3024,,#¡REF!,390_PPDB,PPDB,,acute,,rat,oral,=,-,mg/kg,327.598,#¡VALOR!,#¡VALOR!,-,
,Ethylicin,,CCSS(=O)(=O)CC,3029,,#¡REF!,391_PPDB,PPDB,,acute,,rat,oral,=,-,mg/kg,154.253,#¡VALOR!,#¡VALOR!,Broad spectrum activity,
,Pyrimorph,,CC(C)(C)C1=CC=C(C=C1)C(=CC(=O)N2CCOCC2)C3=CC(=NC=C3)Cl,3033,,#¡REF!,392_PPDB,PPDB,,acute,,rat,oral,=,-,mg/kg,384.905,#¡VALOR!,#¡VALOR!,"Multiple modes of action including the inhibition of mycelial growth, sporangium production and zoospore release",
,Propamidine,,C1=CC(=CC=C1C(=N)N)OCCCOC2=CC=C(C=C2)C(=N)N,3037,,#¡REF!,393_PPDB,PPDB,,acute,,rat,oral,=,-,mg/kg,312.372,#¡VALOR!,#¡VALOR!,Curative and protectant activity,
,2-allyphenol,,C=CCC1=CC=CC=C1O,3038,,#¡REF!,394_PPDB,PPDB,,acute,,rat,oral,=,205,mg/kg,134.177,0.0015,2.8159,Inhibits the fungal pathogen by inhibiting respriation,
,,,-,3050,,#¡REF!,395_PPDB,PPDB,,acute,,rat,oral,=,-,mg/kg,,#¡VALOR!,#¡VALOR!,"Systemic with curative and protective action, works via the demethylation of C-14 during ergosterol biosynthesis",
,,,-,3051,,#¡REF!,396_PPDB,PPDB,,acute,,rat,oral,=,-,mg/kg,,#¡VALOR!,#¡VALOR!,"Systemic with curative and protective action, works via the demethylation of C-14 during ergosterol biosynthesis",
,Thiomersal,,CC[Hg]SC1=CC=CC=C1C(=O)[O-].[Na+],3062,,#¡REF!,398_PPDB,PPDB,,acute,,rat,oral,=,91,mg/kg,404.814,0.0002,3.6482,-,
,Pyribencarb,,CC1=NC(=CC=C1)CON=C(C)C2=CC(=C(C=C2)Cl)CNC(=O)OC,3072,,#¡REF!,399_PPDB,PPDB,,acute,,rat,oral,=,-,mg/kg,361.828,#¡VALOR!,#¡VALOR!,Preventative and curative effects. Affects the electron transport system of the respiratory chain,
,Tolprocarb,,CC1=CC=C(C=C1)C(=O)NCC(C(C)C)NC(=O)OCC(F)(F)F,3080,,#¡REF!,401_PPDB,PPDB,,acute,,rat,oral,=,-,mg/kg,346.348,#¡VALOR!,#¡VALOR!,"Systemic, Polyketide Synthase Enzyme (PKS) Inhibitor, blocks melanin biosynthesis in the pathogen",
,Pyraziflumid (Ref: NNF-0721),,C1=CC=C(C(=C1)C2=CC(=C(C=C2)F)F)NC(=O)C3=NC=CN=C3C(F)(F)F,3087,,#¡REF!,403_PPDB,PPDB,,acute,,rat,oral,=,-,mg/kg,379.287,#¡VALOR!,#¡VALOR!,Succinate Dehydrogenase Inhibitor (SDHI),
,Dipymetitrone (Ref: BCS-BB98685),,CN1C(=O)C2=C(C1=O)SC3=C(S2)C(=O)N(C3=O)C,3088,,#¡REF!,404_PPDB,PPDB,,acute,,rat,oral,=,-,mg/kg,282.3,#¡VALOR!,#¡VALOR!,Succinate dehydrogenase inhibitor,
,Quinofumelin (Ref: ARK-3010),,CC1(C(C2=CC=CC=C2C(=N1)C3=CC4=CC=CC=C4N=C3)(F)F)C,3094,,#¡REF!,405_PPDB,PPDB,,acute,,rat,oral,=,-,mg/kg,322.357,#¡VALOR!,#¡VALOR!,-,
,Ipfentrifluconazole,,CC(C)C(CN1C=NC=N1)(C2=C(C=C(C=C2)OC3=CC=C(C=C3)Cl)C(F)(F)F)O,3095,,#¡REF!,406_PPDB,PPDB,,acute,,rat,oral,=,-,mg/kg,425.837,#¡VALOR!,#¡VALOR!,DeMethylation Inhibitor (DMI),
,Dichlobentiazox (Ref: KIF-1629),,C1=CC=C2C(=C1)C(=NS2(=O)=O)OCC3=C(C(=NS3)Cl)Cl,3099,,#¡REF!,408_PPDB,PPDB,,acute,,rat,oral,=,-,mg/kg,349.218,#¡VALOR!,#¡VALOR!,Plant defense activator,
,Bismerthiazol,,C(NC1=NNC(=S)S1)NC2=NNC(=S)S2,3106,,#¡REF!,409_PPDB,PPDB,,acute,,rat,oral,=,-,mg/kg,278.409,#¡VALOR!,#¡VALOR!,"Inhibits bacterial growth, inducing resitance and showing both protective and curactive activity.",
,Saisentong,,C(NC1=NN=C(S1)[S-])NC2=NN=C(S2)[S-].[Cu+2],3108,,#¡REF!,410_PPDB,PPDB,,acute,,rat,oral,=,-,mg/kg,339.939,#¡VALOR!,#¡VALOR!,"Inhibits bacterial growth, inducing resitance and showing both protective and curactive activity.",
,(R)-hexaconazole,,CCCCC(CN1C=NC=N1)(C2=C(C=C(C=C2)Cl)Cl)O,3112,,#¡REF!,411_PPDB,PPDB,,acute,,rat,oral,=,2189,mg/kg,314.215,0.0070,2.1570,"Broad spectrum, systemic with protective and curative action. Disrupts membrane function. Sterol biosynthesis inhibitor.",
,,,-,3113,,#¡REF!,412_PPDB,PPDB,,acute,,rat,oral,=,2189,mg/kg,,#¡DIV/0!,#¡DIV/0!,"Broad spectrum, systemic with protective and curative action. Disrupts membrane function. Sterol biosynthesis inhibitor.",
,Isobutyric acid,,CC(C)C(=O)O,3128,,#¡REF!,415_PPDB,PPDB,,acute,,rat,oral,=,2230,mg/kg,88.1055,0.0253,1.5967,-,
,Copper abietate,,CC(C)C1=CC2=CCC3C(C2CC1)(CCCC3(C)C(=O)[O-])C.CC(C)C1=CC2=CCC3C(C2CC1)(CCCC3(C)C(=O)[O-])C.[Cu+2],3136,,#¡REF!,416_PPDB,PPDB,,acute,,rat,oral,=,-,mg/kg,666.443,#¡VALOR!,#¡VALOR!,Preventative and curative with a high fungal pathogen spectrum,
,Florylpicoxamid (Ref:  X12485659),,CC(C(C1=CC=C(C=C1)F)C2=CC=C(C=C2)F)OC(=O)C(C)NC(=O)C3=NC=CC(=C3OC(=O)C)OC,3191,,#¡REF!,420_PPDB,PPDB,,acute,,rat,oral,=,-,mg/kg,512.507,#¡VALOR!,#¡VALOR!,Broad spectrum.,
,Ipflufenoquin (Ref: NF-180),,CC1=C(C=C2C=CC(=C(C2=N1)F)F)OC3=C(C(=CC=C3)F)C(C)(C)O,3192,,#¡REF!,421_PPDB,PPDB,,acute,,rat,oral,=,-,mg/kg,347.335,#¡VALOR!,#¡VALOR!,-,
,Pyrapropoyne (Ref: NC-241),,CC(C)ON=C(CNC(=O)C1=CN(N=C1C(F)F)C)C2=C(C=C(C=C2)C#CC3CC3)Cl,3193,,#¡REF!,422_PPDB,PPDB,,acute,,rat,oral,=,-,mg/kg,448.9,#¡VALOR!,#¡VALOR!,Succinate Dehydrogenase Inhibitor (SDHI),
,Fluoxapiprolin (Ref: BCS-CS55621),,CS(=O)(=O)OC1=C(C(=CC=C1)Cl)C2CC(=NO2)C3=CSC(=N3)C4CCN(CC4)C(=O)CN5C(=CC(=N5)C(F)F)C(F)F,3195,,#¡REF!,423_PPDB,PPDB,,acute,,rat,oral,=,-,mg/kg,650.073,#¡VALOR!,#¡VALOR!,Oxysterol-binding protein homologue inhibition (OSBPI).,
,,,-,3200,,#¡REF!,425_PPDB,PPDB,,acute,,rat,oral,=,-,mg/kg,,#¡VALOR!,#¡VALOR!,Succinate dehydrogenase inhibitor (SDHI),
,Oxazosulfyl (Ref: S-1587),,CCS(=O)(=O)C1=C(N=CC=C1)C2=NC3=C(O2)C=CC(=C3)S(=O)(=O)C(F)(F)F,3202,,#¡REF!,426_PPDB,PPDB,,acute,,rat,oral,=,-,mg/kg,420.387,#¡VALOR!,#¡VALOR!,Broad spectrum control,
,,,-,3203,,#¡REF!,427_PPDB,PPDB,,acute,,rat,oral,=,-,mg/kg,,#¡VALOR!,#¡VALOR!,A tubulin polymerization promoter,
,,,-,3204,,#¡REF!,428_PPDB,PPDB,,acute,,rat,oral,=,-,mg/kg,,#¡VALOR!,#¡VALOR!,As a fungicide it is broad spectrum and acts on the respiratory chain of the fungal mitochondrion to inhibit SDH activity,
,,,-,3236,,#¡REF!,429_PPDB,PPDB,,acute,,rat,oral,=,1212,mg/kg,,#¡DIV/0!,#¡DIV/0!,Contact with protective and curative action. Respiration inhibitor. Uncoupler of oxidative phosphorylation via disruption of proton gradient.,
,,,-,3237,,#¡REF!,430_PPDB,PPDB,,acute,,rat,oral,=,1212,mg/kg,,#¡DIV/0!,#¡DIV/0!,Contact with protective and curative action. Respiration inhibitor. Uncoupler of oxidative phosphorylation via disruption of proton gradient.,
,,,-,3251,,#¡REF!,432_PPDB,PPDB,,acute,,rat,oral,=,25,mg/kg,,#¡DIV/0!,#¡DIV/0!,"Non-systemic, with contact and stomach action. Cell membrane disruption. Uncoupler of oxidative phosphorylation via disruption of proton gradient.",
,,,-,3252,,#¡REF!,433_PPDB,PPDB,,acute,,rat,oral,=,25,mg/kg,,#¡DIV/0!,#¡DIV/0!,"Non-systemic, with contact and stomach action. Cell membrane disruption. Uncoupler of oxidative phosphorylation via disruption of proton gradient.",
,,,-,3253,,#¡REF!,434_PPDB,PPDB,,acute,,rat,oral,=,25,mg/kg,,#¡DIV/0!,#¡DIV/0!,"Non-systemic, with contact and stomach action. Cell membrane disruption. Uncoupler of oxidative phosphorylation via disruption of proton gradient.",
,Sucrose,,C(C1C(C(C(C(O1)OC2(C(C(C(O2)CO)O)O)CO)O)O)O)O,3268,,#¡REF!,435_PPDB,PPDB,,acute,,rat,oral,=,-,mg/kg,342.296,#¡VALOR!,#¡VALOR!,Stimulates plant natural defence systems and used as an lure to improve pesticide exposure,
,Vinegar,,CC(=O)O,3273,,#¡REF!,436_PPDB,PPDB,,acute,,rat,oral,=,3350,mg/kg,60.0518,0.0558,1.2535,-,
,Aminopyrofen (Ref: AKD 5195),,CC1=NC(=C(C=C1)C(=O)OCC2=CC=C(C=C2)OC3=CC=CC=C3)N,3295,,#¡REF!,438_PPDB,PPDB,,acute,,rat,oral,=,-,mg/kg,334.374,#¡VALOR!,#¡VALOR!,Inhibits the GWT-1 protein in glycosylphosphatidylinositol-anchor biosynthesis,
,Inpyrfluxam (Ref: S-2399),,CC1CC(C2=C1C(=CC=C2)NC(=O)C3=CN(N=C3C(F)F)C)(C)C,3296,,#¡REF!,439_PPDB,PPDB,,acute,,rat,oral,=,-,mg/kg,333.381,#¡VALOR!,#¡VALOR!,Succinate Dehydrogenase Inhibitor (SDHI),
,,,-,3351,,#¡REF!,440_PPDB,PPDB,,acute,,rat,oral,=,-,mg/kg,,#¡VALOR!,#¡VALOR!,Succinate DeHydrogenase Inhibitor,
,,,-,3353,,#¡REF!,441_PPDB,PPDB,,acute,,rat,oral,=,-,mg/kg,,#¡VALOR!,#¡VALOR!,-,
,,,-,3354,,#¡REF!,442_PPDB,PPDB,,acute,,rat,oral,=,-,mg/kg,,#¡VALOR!,#¡VALOR!,"Complex III or MET III electron transport inhibition, QiI (quinone inside Inhibition)",
,,,-,3355,,#¡REF!,443_PPDB,PPDB,,acute,,rat,oral,=,-,mg/kg,,#¡VALOR!,#¡VALOR!,-,
,Dazomet-sodium,,CN1CN(C(=S)S[CH-]1)C.[Na+],3387,,#¡REF!,444_PPDB,PPDB,,acute,,rat,oral,=,415,mg/kg,184.262,0.0023,2.6474,Releases methyl isothiocyanate. Multi-site activity.,
,Dodemorph benzoate,,CC1CN(CC(O1)C)C2CCCCCCCCCCC2.C1=CC=C(C=C1)C(=O)O,3388,,#¡REF!,445_PPDB,PPDB,,acute,,rat,oral,=,-,mg/kg,403.605,#¡VALOR!,#¡VALOR!,Systemic with protective and curative action. Inhibits sterol biosuntgesis in membranes,
,Metam,,CNC(=S)S,3396,,#¡REF!,446_PPDB,PPDB,,acute,,rat,oral,=,-,mg/kg,107.201,#¡VALOR!,#¡VALOR!,"Soil fumigant, binds to oxygen carrying molecules and prevents tissues from using oxygen. Multi-site activity.",
,Metam-ammonium,,CNC(=S)S.N,3397,,#¡REF!,447_PPDB,PPDB,,acute,,rat,oral,=,-,mg/kg,124.232,#¡VALOR!,#¡VALOR!,"Soil fumigant, binds to oxygen carrying molecules and prevents tissues from using oxygen. Multi-site activity.",
,Acibenzolar,,C1=CC(=C2C(=C1)N=NS2)C(=O)S,3405,,#¡REF!,448_PPDB,PPDB,,acute,,rat,oral,=,-,mg/kg,196.254,#¡VALOR!,#¡VALOR!,Systemic Activated Resistance (SAR). Induces host plant defence.,
,,,-,3410,,#¡REF!,449_PPDB,PPDB,,acute,,rat,oral,=,-,mg/kg,,#¡VALOR!,#¡VALOR!,Systemic with curative and protectant activity. Inhibition of mitosis and cell division (Beta-tubulin assembly in mitosis).,
,,,-,3411,,#¡REF!,450_PPDB,PPDB,,acute,,rat,oral,=,-,mg/kg,,#¡VALOR!,#¡VALOR!,Systemic with curative and protectant activity. Inhibition of mitosis and cell division (Beta-tubulin assembly in mitosis).,
,Imazalil nitrate,,C=CCOC(CN1C=CN=C1)C2=C(C=C(C=C2)Cl)Cl.[N+](=O)(O)[O-],3422,,#¡REF!,451_PPDB,PPDB,,acute,,rat,oral,=,-,mg/kg,360.196,#¡VALOR!,#¡VALOR!,Systemic with curative and protective properties. Disrupts membrane function.,
,Imazalil sulfate,,C=CCOC(CN1C=CN=C1)C2=C(C=C(C=C2)Cl)Cl.OS(=O)(=O)O,3423,,#¡REF!,452_PPDB,PPDB,,acute,,rat,oral,=,-,mg/kg,395.262,#¡VALOR!,#¡VALOR!,Systemic with curative and protective properties. Disrupts membrane function.,
,,,-,3449,,#¡REF!,453_PPDB,PPDB,,acute,,rat,oral,=,-,mg/kg,,#¡VALOR!,#¡VALOR!,-,
,Prochloraz manganese complex (Ref: BTS 46828),,CCCN(CCOC1=C(C=C(C=C1Cl)Cl)Cl)C(=O)N2C=CN=C2.CCCN(CCOC1=C(C=C(C=C1Cl)Cl)Cl)C(=O)N2C=CN=C2.Cl[Mn]Cl,3455,,#¡REF!,454_PPDB,PPDB,,acute,,rat,oral,=,1023,mg/kg,879.184,0.0012,2.9342,Broad-spectrum with protectant and eradicant properties. Disrupts membrane function.,
,Prochloraz manganese chloride complex,,CCCN(CCOC1=C(C=C(C=C1Cl)Cl)Cl)C(=O)N2C=CN=C2.CCCN(CCOC1=C(C=C(C=C1Cl)Cl)Cl)C(=O)N2C=CN=C2.CCCN(CCOC1=C(C=C(C=C1Cl)Cl)Cl)C(=O)N2C=CN=C2.CCCN(CCOC1=C(C=C(C=C1Cl)Cl)Cl)C(=O)N2C=CN=C2.Cl[Mn]Cl,3456,,#¡REF!,455_PPDB,PPDB,,acute,,rat,oral,=,1023,mg/kg,1632.52,0.0006,3.2030,Broad-spectrum with protectant and eradicant properties. Disrupts membrane function.,
,,,-,3459,,#¡REF!,457_PPDB,PPDB,,acute,,rat,oral,=,1023,mg/kg,,#¡DIV/0!,#¡DIV/0!,Broad-spectrum with protectant and eradicant properties. Disrupts membrane function.,
,,,-,3464,,#¡REF!,458_PPDB,PPDB,,acute,,rat,oral,=,-,mg/kg,,#¡VALOR!,#¡VALOR!,-,
,Sodium tetrathiocarbonate (Ref: GY-81),,C(=S)([S-])S[S-].[Na+].[Na+],3485,,#¡REF!,460_PPDB,PPDB,,acute,,rat,oral,=,-,mg/kg,186.255,#¡VALOR!,#¡VALOR!,"Non-systemic, fumigant action",
,Pefurazoate (Ref: UR-0003),,CCC(C(=O)OCCCC=C)N(CC1=CC=CO1)C(=O)N2C=CN=C2,3486,,#¡REF!,461_PPDB,PPDB,,acute,,rat,oral,=,981,mg/kg,345.398,0.0028,2.5467,Preventative and curative activity - prevents the formation of germ tubes and hyphae. Ergosterol biosynthesis inhibitor,
,Calcium propionate,,CCC(=O)[O-].CCC(=O)[O-].[Ca+2],3497,,#¡REF!,462_PPDB,PPDB,,acute,,rat,oral,=,3920,mg/kg,186.219,0.0211,1.6767,Accumulates in the cell and competes with alanine and other amino acids necessary for the growth of microorganisms,
,Potassium orthophosphate,,OP(=O)([O-])[O-].[K+].[K+],3503,,#¡REF!,463_PPDB,PPDB,,acute,,rat,oral,=,-,mg/kg,174.174,#¡VALOR!,#¡VALOR!,"Mixed mode of action involving direct toxicity to the pathogen, aided by a boosting of the plant’s defense mechanisms due the fertilizing properties of the compound.",
,Kasugamycin phosphate,,CC1C(CC(C(O1)OC2C(C(C(C(C2O)O)O)O)O)N)N=C(C(=O)O)N.OP(=O)(O)O,3509,,#¡REF!,464_PPDB,PPDB,,acute,,rat,oral,=,-,mg/kg,477.358,#¡VALOR!,#¡VALOR!,"Contact action resulting in the inhibition of protein biosynthesis reducing bacterial growth and reproduction (bacteriostatic), rather than killing the bacteria directly.",
,Quinconazole,,C1=CC=C2C(=C1)C(=O)N(C(=N2)N3C=NC=N3)C4=C(C=C(C=C4)Cl)Cl,3511,,#¡REF!,465_PPDB,PPDB,,acute,,rat,oral,=,-,mg/kg,358.187,#¡VALOR!,#¡VALOR!,Absorbed through foliage. Systemic with protectant and eradicant activity. Disrupts membrane function. Sterol biosynthesis inhibitor.,
,,,-,3513,,#¡REF!,466_PPDB,PPDB,,acute,,rat,oral,=,-,mg/kg,,#¡VALOR!,#¡VALOR!,Contact and protectant,
,Myclobutanil hydrochloride,,CC(CCC(CN1C=NC=N1)(C#N)C2=CC=C(C=C2)Cl)O,3514,,#¡REF!,467_PPDB,PPDB,,acute,,rat,oral,=,-,mg/kg,304.78,#¡VALOR!,#¡VALOR!,"Broad spectrum, systemic with protective, eradicative and curative action. Disrupts membrane function by inhibiting sterol biosynthesis.",
,Oxpoconazole,,CC1(COC(N1C(=O)N2C=CN=C2)(C)CCCC3=CC=C(C=C3)Cl)C,3521,,#¡REF!,468_PPDB,PPDB,,acute,,rat,oral,=,-,mg/kg,361.872,#¡VALOR!,#¡VALOR!,"Systemic, curative with residual activity, inhibits ergosterol biosynthesis",
,,,-,3525,,#¡REF!,469_PPDB,PPDB,,acute,,rat,oral,=,-,mg/kg,,#¡VALOR!,#¡VALOR!,Respiratory & stomach action. Acts by uncoupling oxidative phosphorylation in the tapeworm,
,Niclosamide-sodium,,C1=CC(=C(C=C1[N+](=O)[O-])Cl)NC(=O)C2=C(C=CC(=C2)Cl)[O-].[Na+],3526,,#¡REF!,470_PPDB,PPDB,,acute,,rat,oral,=,-,mg/kg,349.105,#¡VALOR!,#¡VALOR!,Respiratory & stomach action. Acts by uncoupling oxidative phosphorylation in the tapeworm,
,Prothiocarb hydrochloride,,CCSC(=O)NCCCN(C)C.Cl,3537,,#¡REF!,471_PPDB,PPDB,,acute,,rat,oral,=,-,mg/kg,226.771,#¡VALOR!,#¡VALOR!,"Lipid synthesis inhibitor, involves interference with membrane function. Slowly translocated.",
,Dicopper carbonate dihydroxide,,C(=O)([O-])[O-].[OH-].[OH-].[Cu+2].[Cu+2],3586,,#¡REF!,475_PPDB,PPDB,,acute,,rat,oral,=,159,mg/kg,221.114,0.0007,3.1432,"Protective, inhibiting fungal spores and pathogens from entering the host tissues. Multi-site activity.",
,Rabenzazole,,CC1=CC(=NN1C2=NC3=CC=CC=C3N2)C,3606,,#¡REF!,476_PPDB,PPDB,,acute,,rat,oral,=,-,mg/kg,212.255,#¡VALOR!,#¡VALOR!,Inhibits the synthesis of β-tubulin during mitosis of fungi,
,Dibutyl succinate,,CCCCOC(=O)CCC(=O)OCCCC,3607,,#¡REF!,477_PPDB,PPDB,,acute,,rat,oral,=,8830,mg/kg,230.303,0.0383,1.4163,Insect repellent but there is also some evidence that dibutyl succinate causes mortality in nymphs of the green peach aphid and inhibits the growth of fungal plant pathogens,
,Methylmercury dicyanamide,,C[Hg]N=C(N)NC#N,3615,,#¡REF!,479_PPDB,PPDB,,acute,,rat,oral,=,68,mg/kg,298.699,0.0002,3.6427,Toxic to most living organisms,
,Quinacetol,,CC(=O)C1=C2C=CC=NC2=C(C=C1)O,3619,,#¡REF!,480_PPDB,PPDB,,acute,,rat,oral,=,-,mg/kg,187.197,#¡VALOR!,#¡VALOR!,-,
,Quinacetol sulphate,,CC(=O)C1=C2C=CC=NC2=C(C=C1)O.CC(=O)C1=C2C=CC=NC2=C(C=C1)O.OS(=O)(=O)O,3620,,#¡REF!,481_PPDB,PPDB,,acute,,rat,oral,=,-,mg/kg,472.473,#¡VALOR!,#¡VALOR!,-,
,Triarimol,,C1=CC=C(C=C1)C(C2=C(C=C(C=C2)Cl)Cl)(C3=CN=CN=C3)O,3630,,#¡REF!,482_PPDB,PPDB,,acute,,rat,oral,=,-,mg/kg,331.201,#¡VALOR!,#¡VALOR!,Inhibitor of ergosterol biosynthesis,
,D-tagatose (Ref: IFP48),,C1C(C(C(C(O1)(CO)O)O)O)O,3649,,#¡REF!,483_PPDB,PPDB,,acute,,rat,oral,=,-,mg/kg,180.155,#¡VALOR!,#¡VALOR!,Protective and preventative. Inhibits mannose metabolism essential for oomycetes development.,
,,,-,3654,,#¡REF!,484_PPDB,PPDB,,acute,,rat,oral,=,-,mg/kg,,#¡VALOR!,#¡VALOR!,Direct inhibition of the pathogen via mycelial growth and enhanced host defence responses in the plant,
,,,-,3655,,#¡REF!,485_PPDB,PPDB,,acute,,rat,oral,=,-,mg/kg,,#¡VALOR!,#¡VALOR!,Direct inhibition of the pathogen via mycelial growth and enhanced host defence responses in the plant,
,,,-,3658,,#¡REF!,486_PPDB,PPDB,,acute,,rat,oral,=,-,mg/kg,,#¡VALOR!,#¡VALOR!,-,
,,,-,3663,,#¡REF!,488_PPDB,PPDB,,acute,,rat,oral,=,-,mg/kg,,#¡VALOR!,#¡VALOR!,"Multi-modes of action cited in literature, mainly as a plant strengthener providing improved resistance to insect and fungal attacks",
,,,-,3667,,#¡REF!,489_PPDB,PPDB,,acute,,rat,oral,=,-,mg/kg,,#¡VALOR!,#¡VALOR!,As a fungicide it inhibiting mycelium growth,
,,,-,3668,,#¡REF!,490_PPDB,PPDB,,acute,,rat,oral,=,-,mg/kg,,#¡VALOR!,#¡VALOR!,Physical brarrier - the substance provides a waterproofing effect which inhibits fungal infections that thrive in damp conditions,
