SMILES,Agonist_Activity,SMILES_raw
COC(=O)C1=CO[C@@H](C)[C@@H]2CN3CC[C@@]4(C(=O)Nc5ccccc54)[C@@H]3CC12,active,C[C@H]1[C@@H]2CN3CC[C@@]4([C@@H]3CC2C(=CO1)C(=O)OC)C5=CC=CC=C5NC4=O
CC(C)(CO)C(O)C(=O)NCCC(=O)O,active,CC(C)(CO)[C@H](C(=O)NCCC(=O)[O-])O.CC(C)(CO)[C@H](C(=O)NCCC(=O)[O-])O.[Ca+2]
CC(=O)O[C@@H]1C[C@@H](C)[C@](O)(CCC2=CC(=O)OC2)[C@@]2(C)CCCC(C)(C)C12,active,C[C@@H]1C[C@H](C2[C@@]([C@]1(CCC3=CC(=O)OC3)O)(CCCC2(C)C)C)OC(=O)C
Cc1ccc(O)c(O)c1,active,CC1=CC(=C(C=C1)O)O
O=c1cc(-c2ccc(O)cc2)oc2cc(O)cc(O)c12,active,C1=CC(=CC=C1C2=CC(=O)C3=C(C=C(C=C3O2)O)O)O
Oc1ccc(C=Cc2cc(O)cc(O)c2)cc1,active,C1=CC(=CC=C1/C=C/C2=CC(=CC(=C2)O)O)O
C=C1CC[C@H](O)C/C1=C\C=C1/CCC[C@]2(C)[C@@H]([C@H](C)CCCC(C)C)CC[C@@H]12,active,C[C@H](CCCC(C)C)[C@H]1CC[C@@H]\2[C@@]1(CCC/C2=C\C=C\3/C[C@H](CCC3=C)O)C
CCCCC=CCC(=O)CCc1ccc(O)c(OC)c1,active,CCCCC/C=C/C(=O)CCC1=CC(=C(C=C1)O)OC
C=C1CC[C@H](O)C/C1=C\C=C1/CCC[C@]2(C)[C@@H]([C@H](C)CC[C@H](C)C(C)C)CC[C@@H]12,active,C[C@H](CC[C@H](C)C(C)C)[C@H]1CC[C@@H]\2[C@@]1(CCC/C2=C\C=C\3/C[C@H](CCC3=C)O)C
O=c1cc(-c2ccc(O)c(O)c2)oc2cc(O[C@@H]3O[C@@H](CO)[C@@H](O)[C@@H](O)[C@H]3O)cc(O)c12,inactive,C1=CC(=C(C=C1C2=CC(=O)C3=C(C=C(C=C3O2)O[C@H]4[C@@H]([C@@H]([C@@H]([C@@H](O4)CO)O)O)O)O)O)O
COc1cc2c(cc1O)C[C@H]1c3c(cc(OC)c(O)c3-2)CCN1C,inactive,CN1CCC2=CC(=C(C3=C2[C@@H]1CC4=CC(=C(C=C43)OC)O)O)OC
CC/C=C\C/C=C\C/C=C\CCCCCCCC(=O)O,inactive,CC/C=C\C/C=C\C/C=C\CCCCCCCC(=O)O
CC1=CCC2CC1C2(C)C,inactive,CC1=CCC2CC1C2(C)C
Nc1ccc(C(=O)O)cc1,inactive,C1=CC(=CC=C1C(=O)O)N
O=C/C=C/c1ccccc1,inactive,C1=CC=C(C=C1)/C=C/C=O
CC1=C(/C=C/C(C)=C/C=C/C(C)=C/C=C/C=C(C)/C=C/C=C(C)/C=C/C2=C(C)CCCC2(C)C)C(C)(C)CCC1,inactive,CC1=C(C(CCC1)(C)C)/C=C/C(=C/C=C/C(=C/C=C/C=C(/C=C/C=C(/C=C/C2=C(CCCC2(C)C)C)\C)\C)/C)/C
CC1=CCC(C(C)(C)O)CC1,inactive,CC1=CCC(CC1)C(C)(C)O
CNC(C)C(O)c1ccc(O)cc1,inactive,CC(C(C1=CC=C(C=C1)O)O)NC.Cl
N=C(N)NCCCC(N)C(=O)O,inactive,C(C[C@@H](C(=O)O)N)CN=C(N)N
Cc1ccc(C(C)C)cc1,inactive,CC1=CC=C(C=C1)C(C)C
CCCCCC(=O)O,inactive,CCCCCC(=O)O
CC(C)c1ccc(C=O)cc1,inactive,CC(C)C1=CC=C(C=C1)C=O
C=C(C)[C@@H]1CC=C(C=O)CC1,inactive,CC(=C)[C@H]1CCC(=CC1)C=O
CC(=O)OC/C=C/c1ccccc1,inactive,CC(=O)OC/C=C/C1=CC=CC=C1
C=C1CC[C@H]2C[C@@H]1C2(C)C,inactive,CC1([C@H]2CCC(=C)[C@@H]1C2)C
CCCCCC(=O)CC,inactive,CCCCCC(=O)CC
CC1=CCC(O)(C(C)C)CC1,inactive,CC1=CCC(CC1)(C(C)C)O
CCCCCCCCCC=O,inactive,CCCCCCCCCC=O
O=Cc1ccccc1O,inactive,C1=CC=C(C(=C1)C=O)O
CC1=CCC(=C(C)C)CC1,inactive,CC1=CCC(=C(C)C)CC1
COc1ccccc1/C=C/C=O,inactive,COC1=CC=CC=C1/C=C/C=O
C=CCc1ccc(O)c(OC)c1,inactive,COC1=C(C=CC(=C1)CC=C)O
Cc1ccc(C(C)C)c(O)c1,inactive,CC1=CC(=C(C=C1)C(C)C)O
CCCCCCCCCCCCCCCC(=O)O,inactive,CCCCCCCCCCCCCCCC(=O)O
CCCCCCCCCCCCCCCCCC(=O)O,inactive,CCCCCCCCCCCCCCCCCC(=O)O
C/C=C/c1ccc(OC)cc1,inactive,C/C=C/C1=CC=C(C=C1)OC
O=C(C=Cc1ccc(O)c(O)c1)O[C@@H]1C[C@@](OC(=O)C=Cc2ccc(O)c(O)c2)(C(=O)O)C[C@@H](O)[C@@H]1O,inactive,C1[C@H]([C@@H]([C@@H](C[C@]1(C(=O)O)OC(=O)/C=C/C2=CC(=C(C=C2)O)O)OC(=O)/C=C/C3=CC(=C(C=C3)O)O)O)O
CC1=C2[C@H](/C=C(\C)C(=O)O)CC[C@@H](C)[C@H]2CC1,inactive,C[C@@H]1CC[C@H](C2=C(CC[C@H]12)C)/C=C(\C)/C(=O)O
COC1=CC(=O)O[C@@H](/C=C/c2ccc3c(c2)OCO3)C1,inactive,COC1=CC(=O)O[C@H](C1)/C=C/C2=CC3=C(C=C2)OCO3
C=CCc1ccc(OC)c(OC)c1,inactive,COC1=C(C=C(C=C1)CC=C)OC
CCCCCCCCCCCC(=O)O,inactive,CCCCCCCCCCCC(=O)O
COC1=CC(=O)O[C@@H](/C=C/c2ccccc2)C1,inactive,COC1=CC(=O)O[C@H](C1)/C=C/C2=CC=CC=C2
COC1=CC(=O)OC(CCc2ccccc2)C1,inactive,COC1=CC(=O)OC(C1)CCC2=CC=CC=C2
C=C(C)C1CC=C(C)C(O)C1,inactive,CC1=CCC(CC1O)C(=C)C
C=CC(=C)CCC=C(C)C,inactive,CC(=CCCC(=C)C=C)C
CCCCCCCCCCCCCC(=O)O,inactive,CCCCCCCCCCCCCC(=O)O
C=C(C)[C@H]1C=CC(C)C(=O)C1,inactive,CC1=CC[C@@H](CC1=O)C(=C)C
OC[C@H](O)c1oc(O)c(O)c1O,inactive,C([C@@H]([C@@H]1C(=C(C(=O)O1)O)O)O)O
OC[C@H]1O[C@@H](OCCc2ccc(O)cc2)[C@H](O)[C@@H](O)[C@H]1O,inactive,C1=CC(=CC=C1CCO[C@H]2[C@@H]([C@H]([C@H]([C@H](O2)CO)O)O)O)O
COc1ccc(C(C)=O)c(O)c1,inactive,CC(=O)C1=C(C=C(C=C1)OC)O
CCCCCCCCCC(=O)O,inactive,CCCCCCCCCC(=O)O
Oc1cccc(O)c1O,inactive,C1=CC(=C(C(=C1)O)O)O
CCCCCCCCCCCC(=O)OCC(O)CO,inactive,CCCCCCCCCCCC(=O)OCC(CO)O
OCC=Cc1ccccc1,inactive,C1=CC=C(C=C1)C=CCO
CC(C)=CCCC(C)=CCCC(C)=CCCC=C(C)CCC=C(C)CCC=C(C)C,inactive,CC(=CCCC(=CCCC(=CCCC=C(C)CCC=C(C)CCC=C(C)C)C)C)C
O=C(C=Cc1ccc(O)c(O)c1)OC(Cc1ccc(O)c(O)c1)C(=O)O,inactive,C1=CC(=C(C=C1CC(C(=O)O)OC(=O)/C=C/C2=CC(=C(C=C2)O)O)O)O
C[N+](C)(C)CCO,inactive,C[N+](C)(C)CCO.[Cl-]
O=c1cc(-c2ccc(O)cc2)oc2cc(O[C@H]3OC(CO)C(O)C(O)C3O)cc(O)c12,inactive,C1=CC(=CC=C1C2=CC(=O)C3=C(C=C(C=C3O2)O[C@@H]4C(C(C(C(O4)CO)O)O)O)O)O
COc1cc(O)c2c(c1)C(=O)c1cc(C)cc(O)c1C2=O,inactive,CC1=CC2=C(C(=C1)O)C(=O)C3=C(C2=O)C=C(C=C3O)OC
CCCCC/C=C\C/C=C\C/C=C\CCCCC(=O)O,inactive,CCCCC/C=C\C/C=C\C/C=C\CCCCC(=O)O
CC/C=C\C/C=C\C/C=C\C/C=C\C/C=C\CCCCCC(=O)O,inactive,CC/C=C\C/C=C\C/C=C\C/C=C\C/C=C\CCCCCC(=O)O
C=C(C)[C@H]1CC=C(CO)CC1,inactive,CC(=C)[C@@H]1CCC(=CC1)CO
CCCCC[C@H](O)CC(=O)CCc1ccc(O)c(OC)c1,inactive,CCCCC[C@@H](CC(=O)CCC1=CC(=C(C=C1)O)OC)O
OCC1=C[C@@H](O)[C@@H]2C=CO[C@@H](OC3O[C@H](CO)[C@@H](O)[C@H](O)[C@H]3O)[C@H]12,inactive,C1=CO[C@H]([C@H]2[C@@H]1[C@@H](C=C2CO)O)OC3[C@@H]([C@H]([C@@H]([C@H](O3)CO)O)O)O
O=c1c(-c2ccc(O)cc2)coc2cc(O[C@@H]3O[C@H](CO)[C@H](O)[C@H](O)[C@H]3O)ccc12,inactive,C1=CC(=CC=C1C2=COC3=C(C2=O)C=CC(=C3)O[C@H]4[C@@H]([C@H]([C@H]([C@H](O4)CO)O)O)O)O
COc1cc(-c2oc3cc(O)cc(O)c3c(=O)c2O)ccc1O,inactive,COC1=C(C=CC(=C1)C2=C(C(=O)C3=C(C=C(C=C3O2)O)O)O)O
C=CC(C)(CCC=C(C)C)OC(C)=O,inactive,CC(=CCCC(C)(C=C)OC(=O)C)C
O=C(O)c1ccccc1O,inactive,C1=CC=C(C(=C1)C(=O)O)O
C[C@]12CC[C@H](O)CC1=CC[C@@H]1[C@@H]2CC[C@]2(C)C(=O)CC[C@@H]12,inactive,C[C@]12CC[C@H]3[C@H]([C@@H]1CCC2=O)CC=C4[C@@]3(CC[C@@H](C4)O)C
O=C(OCC1=C[C@@H](O)[C@@H]2C=CO[C@@H](O[C@@H]3O[C@H](CO)[C@@H](O)[C@H](O)[C@H]3O)[C@H]12)c1ccc(O)cc1,inactive,C1=CO[C@H]([C@H]2[C@@H]1[C@@H](C=C2COC(=O)C3=CC=C(C=C3)O)O)O[C@H]4[C@@H]([C@H]([C@@H]([C@H](O4)CO)O)O)O
CC1CC[C@]2(C(=O)O)CC[C@]3(C(=O)O)C(=CCC4[C@@]5(C)CC[C@H](OC6OC(C)C(O)C(OC7OC(CO)C(O)C(O)C7O)C6O)C(C)(C)C5CC[C@]43C)C2C1C,inactive,CC1CC[C@@]2(CC[C@@]3(C(=CCC4[C@]3(CCC5[C@@]4(CC[C@@H](C5(C)C)OC6C(C(C(C(O6)C)O)OC7C(C(C(C(O7)CO)O)O)O)O)C)C)C2C1C)C(=O)O)C(=O)O
C=C1[C@H]2CCC(C(=O)O)[C@@]23CC[C@H](C3)C1(C)C,inactive,CC1([C@@H]2CC[C@@]3(C2)[C@@H](C1=C)CC[C@@H]3C(=O)O)C
CC(C)=CCC[C@](C)(O)[C@H]1CC[C@]2(C)[C@@H]1[C@H](O)CC1[C@@]3(C)CC[C@H](O)C(C)(C)[C@@H]3[C@@H](O[C@@H]3O[C@H](CO)[C@@H](O)[C@H](O)[C@H]3O[C@@H]3O[C@H](CO)[C@@H](O)[C@H](O)[C@H]3O)C[C@]12C,inactive,CC(=CCC[C@@](C)([C@H]1CC[C@@]2([C@@H]1[C@@H](CC3[C@]2(C[C@@H]([C@@H]4[C@@]3(CC[C@@H](C4(C)C)O)C)O[C@H]5[C@@H]([C@H]([C@@H]([C@H](O5)CO)O)O)O[C@H]6[C@@H]([C@H]([C@@H]([C@H](O6)CO)O)O)O)C)O)C)O)C
CC(C)=CCC[C@](C)(O[C@@H]1O[C@H](CO[C@@H]2O[C@H](CO)[C@@H](O)[C@H](O)[C@H]2O)[C@@H](O)[C@H](O)[C@H]1O)C1CC[C@]2(C)[C@@H]1[C@H](O)CC1[C@@]3(C)CC[C@H](O[C@@H]4O[C@H](CO)[C@@H](O)[C@H](O)[C@H]4O[C@@H]4O[C@H](CO)[C@@H](O)[C@H](O)[C@H]4O)C(C)(C)[C@@H]3CC[C@]12C,inactive,CC(=CCC[C@@](C)(C1CC[C@@]2([C@@H]1[C@@H](CC3[C@]2(CC[C@@H]4[C@@]3(CC[C@@H](C4(C)C)O[C@H]5[C@@H]([C@H]([C@@H]([C@H](O5)CO)O)O)O[C@H]6[C@@H]([C@H]([C@@H]([C@H](O6)CO)O)O)O)C)C)O)C)O[C@H]7[C@@H]([C@H]([C@@H]([C@H](O7)CO[C@H]8[C@@H]([C@H]([C@@H]([C@H](O8)CO)O)O)O)O)O)O)C
OC[C@H]1O[C@@H](OC[C@H]2O[C@@H](OC/C=C/c3ccccc3)[C@H](O)[C@@H](O)[C@@H]2O)[C@@H](O)[C@@H]1O,inactive,C1=CC=C(C=C1)/C=C/CO[C@H]2[C@@H]([C@H]([C@@H]([C@H](O2)CO[C@H]3[C@H]([C@@H]([C@H](O3)CO)O)O)O)O)O
CC(C)=CCC(O)/C(C)=C/CO[C@@H]1O[C@H](CO)[C@@H](O)[C@H](O)[C@H]1O,inactive,CC(=CCC(/C(=C/CO[C@H]1[C@@H]([C@H]([C@@H]([C@H](O1)CO)O)O)O)/C)O)C
C[C@@]12CC[C@@H]3[C@@](CC[C@H]4[C@@]3(C)CCC[C@@]4(C)C(=O)O)(CC1=O)C2,inactive,C[C@]12CC[C@H]3[C@@]4(CCC[C@@]([C@H]4CC[C@@]3(C1)CC2=O)(C)C(=O)O)C
O=C(O[C@@H]1Cc2c(O)cc(O)cc2O[C@H]1c1cc(O)c(O)c(O)c1)c1cc(O)c(O)c(O)c1,inactive,C1[C@H]([C@@H](OC2=CC(=CC(=C21)O)O)C3=CC(=C(C(=C3)O)O)O)OC(=O)C4=CC(=C(C(=C4)O)O)O
NC(=O)c1cnccn1,inactive,C1=CN=C(C=N1)C(=O)N
CC/C=C\C/C=C\C/C=C\C/C=C\C/C=C\C/C=C\CCC(=O)O,inactive,CC/C=C\C/C=C\C/C=C\C/C=C\C/C=C\C/C=C\CCC(=O)O
O=C(O)/C=C/c1ccccc1,inactive,C1=CC=C(C=C1)/C=C/C(=O)O
CC/C=C\C/C=C\C/C=C\C/C=C\C/C=C\CCCC(=O)O,inactive,CC/C=C\C/C=C\C/C=C\C/C=C\C/C=C\CCCC(=O)O
CC1(C)C2CCC1(C)C(O)C2,inactive,CC1(C2CCC1(C(C2)O)C)C
CCCCCCCC(=O)O,inactive,CCCCCCCC(=O)O
CCCCC/C=C/C/C=C/CCCCCCCC(=O)O,inactive,CCCCC/C=C/C/C=C/CCCCCCCC(=O)O
CCCCCC/C=C\CCCCCCCC(=O)O,inactive,CCCCCC/C=C\CCCCCCCC(=O)O
OCc1cc(O)c2c(O)c3c(O)cccc3c([C@@H]3O[C@H](CO)[C@@H](O)[C@H](O)[C@H]3O)c2c1,inactive,C1=CC2=C(C(=C1)O)C(=O)C3=C([C@@H]2[C@H]4[C@@H]([C@H]([C@@H]([C@H](O4)CO)O)O)O)C=C(C=C3O)CO
CC(=O)OC1CC2CCC1(C)C2(C)C,inactive,CC(=O)OC1CC2CCC1(C2(C)C)C
Cc1ncc(COP(=O)(O)O)c(C)c1O,inactive,CC1=C(C(=NC=C1COP(=O)(O)O)C)O
CC(C)=CCC/C(C)=C/C=C/C(C)=C/C=C/C(C)=C/C=C/C=C(C)/C=C/C=C(C)/C=C/C=C(\C)CCC=C(C)C,inactive,CC(=CCC/C(=C/C=C/C(=C/C=C/C(=C/C=C/C=C(/C=C/C=C(/C=C/C=C(/CCC=C(C)C)\C)\C)\C)/C)/C)/C)C
O=c1c(O[C@@H]2O[C@H](CO)[C@H](O)[C@H](O)[C@H]2O)c(-c2ccc(O)c(O)c2)oc2cc(O)cc(O)c12,inactive,C1=CC(=C(C=C1C2=C(C(=O)C3=C(C=C(C=C3O2)O)O)O[C@H]4[C@@H]([C@H]([C@H]([C@H](O4)CO)O)O)O)O)O
O=C(OC[C@H]1O[C@@H](OC(=O)c2cc(O)c(O)c(O)c2)[C@H](OC(=O)c2cc(O)c(O)c(O)c2)[C@@H](OC(=O)c2cc(O)c(O)c(O)c2)[C@@H]1OC(=O)c1cc(O)c(O)c(O)c1)c1cc(O)c(O)c(O)c1,inactive,C1=C(C=C(C(=C1O)O)O)C(=O)OC[C@@H]2[C@H]([C@@H]([C@H]([C@@H](O2)OC(=O)C3=CC(=C(C(=C3)O)O)O)OC(=O)C4=CC(=C(C(=C4)O)O)O)OC(=O)C5=CC(=C(C(=C5)O)O)O)OC(=O)C6=CC(=C(C(=C6)O)O)O
O=C(C=Cc1ccc(O)c2c1C(C(=O)O)[C@@H](c1ccc(O)c(O)c1)O2)OC(Cc1ccc(O)c(O)c1)C(=O)O,inactive,C1=CC(=C(C=C1C[C@H](C(=O)O)OC(=O)/C=C/C2=C3[C@@H]([C@H](OC3=C(C=C2)O)C4=CC(=C(C=C4)O)O)C(=O)O)O)O
C=C(C)[C@H]1CC=C(C)CC1,inactive,CC1=CC[C@@H](CC1)C(=C)C
CCC(/C=C/[C@@H](C)[C@H]1CCC2C3CC=C4C[C@@H](O)CC[C@]4(C)C3CC[C@@]21C)C(C)C,inactive,CCC(/C=C/[C@@H](C)[C@H]1CCC2[C@@]1(CCC3C2CC=C4[C@@]3(CC[C@@H](C4)O)C)C)C(C)C
N#CC(O[C@@H]1O[C@H](CO[C@@H]2O[C@H](CO)[C@@H](O)[C@H](O)[C@H]2O)[C@@H](O)[C@H](O)[C@H]1O)c1ccccc1,inactive,C1=CC=C(C=C1)C(C#N)O[C@H]2[C@@H]([C@H]([C@@H]([C@H](O2)CO[C@H]3[C@@H]([C@H]([C@@H]([C@H](O3)CO)O)O)O)O)O)O
Cn1c(=O)c2c(ncn2C)n(C)c1=O,inactive,CN1C=NC2=C1C(=O)N(C(=O)N2C)C
Oc1cc(O)c2c(c1)OC(c1ccc(O)c(O)c1)C(O)C2,inactive,C1C(C(OC2=CC(=CC(=C21)O)O)C3=CC(=C(C=C3)O)O)O
Cc1cc(O)c2c(c1)C(=O)c1cc(O)cc(O)c1C2=O,inactive,CC1=CC2=C(C(=C1)O)C(=O)C3=C(C2=O)C=C(C=C3O)O
O=c1c(O)c(-c2ccc(O)c(O)c2)oc2cc(O)cc(O)c12,inactive,C1=CC(=C(C=C1C2=C(C(=O)C3=C(C=C(C=C3O2)O)O)O)O)O
NC(Cc1c[nH]c2ccccc12)C(=O)O,inactive,C1=CC=C2C(=C1)C(=CN2)CC(C(=O)O)N
NNC(=O)c1ccncc1,inactive,C1=CN=CC=C1C(=O)NN
Nc1nc(=O)c2nc(CNc3ccc(C(=O)NC(CCC(=O)O)C(=O)O)cc3)cnc2[nH]1,inactive,C1=CC(=CC=C1C(=O)N[C@@H](CCC(=O)O)C(=O)O)NCC2=CN=C3C(=N2)C(=O)NC(=N3)N
O=C(O)c1cccnc1,inactive,C1=CC(=CN=C1)C(=O)O
COc1ccc2cc3[n+](cc2c1OC)CCc1cc2c(cc1-3)OCO2,inactive,COC1=C(C2=C[N+]3=C(C=C2C=C1)C4=CC5=C(C=C4CC3)OCO5)OC
Cc1ncc(C[n+]2csc(CCO)c2C)c(N)n1,inactive,CC1=C(SC=[N+]1CC2=CN=C(N=C2N)C)CCO
Cc1cc2nc3c(=O)[nH]c(=O)nc-3n(C[C@@H](O)[C@@H](O)[C@@H](O)CO)c2cc1C,inactive,CC1=CC2=C(C=C1C)N(C3=NC(=O)NC(=O)C3=N2)C[C@H]([C@H]([C@H](CO)O)O)O
O=C(O)CC(O)(CC(=O)O)C(=O)O,inactive,C(C(=O)O)C(CC(=O)O)(C(=O)O)O
C=CCc1ccc2c(c1)OCO2,inactive,C=CCC1=CC2=C(C=C1)OCO2
O=C(O)c1cc(O)c(O)c(O)c1,inactive,C1=C(C=C(C(=C1O)O)O)C(=O)O
O=c1ccc2ccccc2o1,inactive,C1=CC=C2C(=C1)C=CC(=O)O2
O=C(O)c1ccccc1,inactive,C1=CC=C(C=C1)C(=O)O
NC(=O)Nc1[nH]c(=O)[nH]c1O,inactive,C1(C(=O)NC(=O)N1)NC(=O)N
COc1ccc2ccc(=O)oc2c1,inactive,COC1=CC2=C(C=C1)C=CC(=O)O2
O=c1ccc2ccc(O)cc2o1,inactive,C1=CC(=CC2=C1C=CC(=O)O2)O
CC[C@H](CC[C@@H](C)[C@H]1CC[C@H]2[C@@H]3CC=C4C[C@@H](O)CC[C@]4(C)[C@H]3CC[C@]12C)C(C)C,inactive,CC[C@H](CC[C@@H](C)[C@H]1CC[C@@H]2[C@@]1(CC[C@H]3[C@H]2CC=C4[C@@]3(CC[C@@H](C4)O)C)C)C(C)C
Cc1c(C)c2c(c(C)c1O)CC[C@@](C)(CCC[C@H](C)CCC[C@H](C)CCCC(C)C)O2,inactive,CC1=C(C2=C(CC[C@@](O2)(C)CCC[C@H](C)CCC[C@H](C)CCCC(C)C)C(=C1O)C)C
OC1C(O)C(O)C(O)C(O)C1O,inactive,C1(C(C(C(C(C1O)O)O)O)O)O
COc1c(O)c(C)c(C=CC(C)=CC/C=C(\C)CC/C=C(\C)CC/C=C(\C)CC/C=C(\C)CC/C=C(\C)CC/C=C(\C)CC/C=C(\C)CC/C=C(\C)CCC=C(C)C)c(O)c1OC,inactive,CC1=C(C(=O)C(=C(C1=O)OC)OC)C/C=C(\C)/CC/C=C(\C)/CC/C=C(\C)/CC/C=C(\C)/CC/C=C(\C)/CC/C=C(\C)/CC/C=C(\C)/CC/C=C(\C)/CC/C=C(\C)/CCC=C(C)C
CCCCCCCC/C=C\CCCCCCCCCCCC(=O)O,inactive,CCCCCCCC/C=C\CCCCCCCCCCCC(=O)O
O[C@@H]1[C@@H](O)[C@H](OC/C=C/c2ccccc2)O[C@H](CO[C@@H]2OC[C@H](O)[C@H](O)[C@H]2O)[C@H]1O,inactive,C1[C@@H]([C@@H]([C@H]([C@@H](O1)OC[C@@H]2[C@H]([C@@H]([C@H]([C@@H](O2)OC/C=C/C3=CC=CC=C3)O)O)O)O)O)O
O=C(O)C1O[C@@H](Oc2c(-c3ccc(O)c(O)c3)oc3cc(O)cc(O)c3c2=O)[C@H](O)[C@@H](O)[C@@H]1O,inactive,C1=CC(=C(C=C1C2=C(C(=O)C3=C(C=C(C=C3O2)O)O)O[C@H]4[C@@H]([C@H]([C@@H]([C@H](O4)C(=O)O)O)O)O)O)O
O=C(C=Cc1ccc(O)c(O)c1)O[C@@H]1C[C@](O)(C(=O)O)C[C@@H](O)[C@H]1O,inactive,C1[C@H]([C@H]([C@@H](C[C@@]1(C(=O)O)O)OC(=O)/C=C/C2=CC(=C(C=C2)O)O)O)O
COc1ccc(-c2coc3cc(O[C@@H]4O[C@H](CO)[C@@H](O)[C@H](O)[C@H]4O)ccc3c2=O)cc1,inactive,COC1=CC=C(C=C1)C2=COC3=C(C2=O)C=CC(=C3)O[C@H]4[C@@H]([C@H]([C@@H]([C@H](O4)CO)O)O)O
O=C(OC[C@H]1O[C@@H](OC(=O)c2cc(O)c(O)c(O)c2)[C@H](OC(=O)c2cc(O)c(O)c(O)c2)[C@@H](OC(=O)c2cc(O)c(O)c(O)c2)[C@@H]1O)c1cc(O)c(O)c(O)c1,inactive,C1=C(C=C(C(=C1O)O)O)C(=O)OC[C@@H]2[C@H]([C@@H]([C@H]([C@@H](O2)OC(=O)C3=CC(=C(C(=C3)O)O)O)OC(=O)C4=CC(=C(C(=C4)O)O)O)OC(=O)C5=CC(=C(C(=C5)O)O)O)O
O=C(C=Cc1ccc(O)c(O)c1)O[C@@H]1CC(O)(C(=O)O)C[C@@H](OC(=O)C=Cc2ccc(O)c(O)c2)C1O,inactive,C1C(C[C@H](C([C@@H]1OC(=O)/C=C/C2=CC(=C(C=C2)O)O)O)OC(=O)/C=C/C3=CC(=C(C=C3)O)O)(O)C(=O)O
O=c1cc(-c2ccc(O)cc2)oc2cc(O[C@@H]3O[C@H](CO)[C@@H](O)[C@H](O)[C@H]3O[C@@H]3OC[C@](O)(CO)[C@H]3O)cc(O)c12,inactive,C1[C@@]([C@H]([C@@H](O1)O[C@@H]2[C@H]([C@@H]([C@H](O[C@H]2OC3=CC(=C4C(=C3)OC(=CC4=O)C5=CC=C(C=C5)O)O)CO)O)O)O)(CO)O
CC1(C)CC[C@]2(C(=O)O)CC[C@]3(C)C(=CCC4[C@@]5(C)CC[C@@H](O)C(C)(C)C5CC[C@]43C)C2C1,inactive,C[C@]12CC[C@H](C(C1CC[C@@]3(C2CC=C4[C@]3(CC[C@@]5(C4CC(CC5)(C)C)C(=O)O)C)C)(C)C)O
O=C(O[C@@H]1Cc2c(O)cc(O)cc2O[C@@H]1c1ccc(O)c(O)c1)c1cc(O)c(O)c(O)c1,inactive,C1[C@H]([C@H](OC2=CC(=CC(=C21)O)O)C3=CC(=C(C=C3)O)O)OC(=O)C4=CC(=C(C(=C4)O)O)O
O=C(O)CCCC[C@@H]1SC[C@@H]2NC(=O)N[C@@H]21,inactive,C1[C@H]2[C@@H]([C@@H](S1)CCCCC(=O)O)NC(=O)N2
O=C(C=Cc1ccc(O)c(O)c1)O[C@H]1[C@H](O)C[C@](O)(C(=O)O)C[C@H]1OC(=O)C=Cc1ccc(O)c(O)c1,inactive,C1[C@H]([C@@H]([C@@H](C[C@]1(C(=O)O)O)OC(=O)/C=C/C2=CC(=C(C=C2)O)O)OC(=O)/C=C/C3=CC(=C(C=C3)O)O)O
O=C(C=Cc1ccc(O)c(O)c1)O[C@@H]1CC(C(=O)O)=C[C@@H](O)[C@H]1O,inactive,C1[C@H]([C@@H]([C@@H](C=C1C(=O)O)O)O)OC(=O)/C=C/C2=CC(=C(C=C2)O)O
C[C@@H]1OC(O[C@H]2[C@H](O)[C@@H](O)[C@H](OC[C@H]3O[C@@H](OC(=O)[C@]45CCC(C)(C)C[C@@H]4C4=CCC6[C@@]7(C)CC[C@H](OC8OC[C@H](O)[C@H](O)[C@H]8OC8O[C@@H](C)[C@H](O)[C@@H](O)[C@H]8O)[C@@](C)(CO)C7CC[C@@]6(C)[C@]4(C)CC5)[C@H](O)[C@@H](O)[C@@H]3O)O[C@@H]2CO)[C@H](O)[C@H](O)[C@H]1O,inactive,C[C@H]1[C@@H]([C@H]([C@H](C(O1)O[C@@H]2[C@H](O[C@H]([C@@H]([C@H]2O)O)OC[C@@H]3[C@H]([C@@H]([C@H]([C@@H](O3)OC(=O)[C@@]45CC[C@@]6(C(=CCC7[C@]6(CCC8[C@@]7(CC[C@@H]([C@@]8(C)CO)OC9[C@@H]([C@H]([C@H](CO9)O)O)OC1[C@@H]([C@@H]([C@H]([C@@H](O1)C)O)O)O)C)C)[C@H]4CC(CC5)(C)C)C)O)O)O)CO)O)O)O
OCCc1ccc(O)cc1,inactive,C1=CC(=CC=C1CCO)O
C[C@@H]1O[C@@H](OC[C@H]2OC(Oc3c(-c4ccc(O)c(O)c4)oc4cc(O)cc(O)c4c3=O)[C@H](O)[C@@H](O)[C@@H]2O)[C@H](O)[C@H](O)[C@H]1O,inactive,C[C@H]1[C@@H]([C@H]([C@H]([C@@H](O1)OC[C@@H]2[C@H]([C@@H]([C@H](C(O2)OC3=C(OC4=CC(=CC(=C4C3=O)O)O)C5=CC(=C(C=C5)O)O)O)O)O)O)O)O
CC1(C)CC[C@]2(C(=O)O)CC[C@]3(C)C(=CCC4[C@@]5(C)CC[C@H](O)[C@@](C)(CO)C5CC[C@]43C)[C@H]2C1,inactive,C[C@]12CC[C@@H]([C@@](C1CC[C@@]3(C2CC=C4[C@]3(CC[C@@]5([C@@H]4CC(CC5)(C)C)C(=O)O)C)C)(C)CO)O
CC[C@H](CC[C@@H](C)[C@H]1CCC2C3CCC4C[C@@H](O)CC[C@]4(C)C3CC[C@@]21C)C(C)C,inactive,CC[C@H](CC[C@@H](C)[C@H]1CCC2[C@@]1(CCC3C2CCC4[C@@]3(CC[C@@H](C4)O)C)C)C(C)C
CCCCCCCCCCCCCCCCCCCCCCCCCCCCCCO,inactive,CCCCCCCCCCCCCCCCCCCCCCCCCCCCCCO
CCCCCCCC/C=C/CCCCCCCC(=O)O,inactive,CCCCCCCC/C=C/CCCCCCCC(=O)O
CC/C=C\C/C=C\C/C=C\C/C=C\CCCCC(=O)O,inactive,CC/C=C\C/C=C\C/C=C\C/C=C\CCCCC(=O)O
C[C@H]1[C@H](C)CC[C@]2(C(=O)O)CC[C@]3(C)C(=CC[C@@H]4[C@@]5(C)C[C@@H](O)[C@H](O)[C@@](C)(CO)[C@@H]5CC[C@]43C)[C@H]12,inactive,C[C@@H]1CC[C@@]2(CC[C@@]3(C(=CC[C@H]4[C@]3(CC[C@@H]5[C@@]4(C[C@H]([C@@H]([C@@]5(C)CO)O)O)C)C)[C@@H]2[C@H]1C)C)C(=O)O
CN(CC(=O)O)C(=N)N,inactive,CN(CC(=O)O)C(=N)N
COc1ccc(C(=O)O)cc1,inactive,COC1=CC=C(C=C1)C(=O)O
O=C(C=Cc1ccc(O)c(O)c1)OC1[C@H](O)CC(O)(C(=O)O)C[C@@H]1O,inactive,C1[C@H](C([C@H](CC1(C(=O)O)O)O)OC(=O)/C=C/C2=CC(=C(C=C2)O)O)O
COc1cc2c(cc1O)CC1NCCc3cc(OC)c(OC)c-2c31,inactive,COC1=C(C2=C3C(CC4=CC(=C(C=C42)OC)O)NCCC3=C1)OC
CC12CCC(CC1)C(C)(C)O2,inactive,CC1(C2CCC(O1)(CC2)C)C
C=C1CC/C=C(/C)CC[C@@H]2[C@@H]1CC2(C)C,inactive,C/C/1=C/CCC(=C)[C@H]2CC([C@@H]2CC1)(C)C
CC(=O)N[C@@H]1[C@@H](O[C@@H]2OC(C(=O)O)[C@@H](O)[C@H](O)[C@H]2O)[C@@H](O)[C@@H](OS(=O)(=O)O)O[C@H]1O,inactive,CC(=O)N[C@@H]1[C@H]([C@H]([C@H](O[C@H]1O)OS(=O)(=O)O)O)O[C@H]2[C@@H]([C@H]([C@@H]([C@H](O2)C(=O)O)O)O)O
CC(C)(O)[C@@H]1CC[C@](C)([C@H]2[C@@H](O)C[C@@]3(C)[C@@H]4C[C@H](O)[C@H]5C(C)(C)[C@@H](O[C@@H]6OC[C@@H](O)[C@H](O)[C@H]6O[C@@H]6O[C@H](CO)[C@@H](O)[C@H](O)[C@H]6O)CC[C@@]56C[C@@]46CC[C@]23C)O1,inactive,C[C@]12CC[C@@]34C[C@@]35CC[C@@H](C([C@@H]5[C@H](C[C@H]4[C@@]1(C[C@@H]([C@@H]2[C@]6(CC[C@H](O6)C(C)(C)O)C)O)C)O)(C)C)O[C@H]7[C@@H]([C@H]([C@@H](CO7)O)O)O[C@H]8[C@@H]([C@H]([C@@H]([C@H](O8)CO)O)O)O
C=C1C[C@@]23CC[C@H]4[C@@](C)(CCC[C@@]4(C)C(=O)O[C@@H]4O[C@H](CO)[C@@H](O)[C@H](O)[C@H]4O)[C@@H]2CC[C@]1(O[C@@H]1O[C@H](CO)[C@@H](O)[C@H](O[C@@H]2O[C@H](CO)[C@@H](O)[C@H](O)[C@H]2O)[C@H]1O[C@@H]1O[C@@H](C)[C@H](O)[C@@H](O)[C@H]1O)C3,inactive,C[C@H]1[C@@H]([C@H]([C@H]([C@@H](O1)O[C@@H]2[C@H]([C@@H]([C@H](O[C@H]2O[C@@]34CC[C@H]5[C@@]6(CCC[C@@]([C@H]6CC[C@]5(C3)CC4=C)(C)C(=O)O[C@H]7[C@@H]([C@H]([C@@H]([C@H](O7)CO)O)O)O)C)CO)O)O[C@H]8[C@@H]([C@H]([C@@H]([C@H](O8)CO)O)O)O)O)O)O
CCCCCCCCCCCCCC(=O)OCC(O)CO,inactive,CCCCCCCCCCCCCC(=O)OCC(CO)O
CCCCCCCCCCCCCCCCCCCC(=O)O,inactive,CCCCCCCCCCCCCCCCCCCC(=O)O
CCCCCCCCCCCCCCCCCCCCCC(=O)O,inactive,CCCCCCCCCCCCCCCCCCCCCC(=O)O
CC(C)=CCCC(C)(OC1OC(COC2OC(CO)C(O)C2O)C(O)C(O)C1O)C1CCC2(C)C1C(O)CC1C3(C)CCC(OC4OC(CO)C(O)C(O)C4OC4OC(CO)C(O)C(O)C4O)C(C)(C)C3CCC12C,inactive,CC(=CCCC(C)(C1CCC2(C1C(CC3C2(CCC4C3(CCC(C4(C)C)OC5C(C(C(C(O5)CO)O)O)OC6C(C(C(C(O6)CO)O)O)O)C)C)O)C)OC7C(C(C(C(O7)COC8C(C(C(O8)CO)O)O)O)O)O)C
CC(C)=CCC[C@](C)(OC1OC(COC2OCC(O)C(O)C2O)C(O)C(O)C1O)[C@H]1CC[C@]2(C)[C@@H]1[C@H](O)C[C@@H]1[C@@]3(C)CC[C@H](OC4OC(CO)C(O)C(O)C4OC4OC(CO)C(O)C(O)C4O)C(C)(C)[C@@H]3CC[C@]12C,inactive,CC(=CCC[C@@](C)([C@H]1CC[C@@]2([C@@H]1[C@@H](C[C@H]3[C@]2(CC[C@@H]4[C@@]3(CC[C@@H](C4(C)C)OC5C(C(C(C(O5)CO)O)O)OC6C(C(C(C(O6)CO)O)O)O)C)C)O)C)OC7C(C(C(C(O7)COC8C(C(C(CO8)O)O)O)O)O)O)C
CC12CC3(O)OC(O1)C1(COC(=O)c4ccc(O)cc4)C3CC21OC1OC(CO)C(O)C(O)C1O,inactive,CC12CC3(C4CC1(C4(C(O2)O3)COC(=O)C5=CC=C(C=C5)O)OC6C(C(C(C(O6)CO)O)O)O)O
CC(=O)O[C@@H]1CC[C@]2(C)C3C(=O)C=C4C5[C@@H](C)[C@H](C)CC[C@]5(C)CC[C@@]4(C)[C@]3(C)CC[C@H]2[C@@]1(C)C(=O)O,inactive,C[C@@H]1CC[C@@]2(CC[C@@]3(C(=CC(=O)[C@H]4[C@]3(CC[C@@H]5[C@@]4(CC[C@H]([C@]5(C)C(=O)O)OC(=O)C)C)C)[C@@H]2[C@H]1C)C)C
C=C1C[C@@]23CC[C@H]4[C@](C)(CCC[C@]4(C)C(=O)O[C@@H]4O[C@H](CO)[C@@H](O)[C@H](O)[C@H]4O)[C@@H]2CC[C@]1(O[C@H]1O[C@@H](CO)[C@H](O)[C@@H](O)[C@@H]1O)C3,inactive,C[C@]12CCC[C@]([C@H]1CC[C@]34[C@H]2CC[C@](C3)(C(=C)C4)O[C@@H]5[C@H]([C@@H]([C@H]([C@@H](O5)CO)O)O)O)(C)C(=O)O[C@H]6[C@@H]([C@H]([C@@H]([C@H](O6)CO)O)O)O
C=C1C[C@]23CC[C@H]4[C@@](C)(CCC[C@@]4(C)C(=O)O)[C@@H]2CC[C@@]1(O[C@@H]1O[C@H](CO)[C@@H](O)[C@H](O)[C@H]1O[C@@H]1O[C@H](CO)[C@@H](O)[C@H](O)[C@H]1O)C3,inactive,C[C@@]12CCC[C@@]([C@H]1CC[C@@]34[C@H]2CC[C@@](C3)(C(=C)C4)O[C@H]5[C@@H]([C@H]([C@@H]([C@H](O5)CO)O)O)O[C@H]6[C@@H]([C@H]([C@@H]([C@H](O6)CO)O)O)O)(C)C(=O)O
CC(C)(O)[C@@H]1CC[C@](C)([C@@H]2[C@H](O)C[C@]3(C)C4C[C@@H](O[C@H]5O[C@@H](CO)[C@H](O)[C@@H](O)[C@@H]5O)C5C(C)(C)[C@H](O[C@H]6OC[C@H](O)[C@@H](O)[C@@H]6O)CC[C@]56CC46CC[C@@]23C)O1,inactive,C[C@@]12CCC34C[C@]35CC[C@H](C(C5[C@@H](CC4[C@]1(C[C@H]([C@H]2[C@]6(CC[C@H](O6)C(C)(C)O)C)O)C)O[C@@H]7[C@H]([C@@H]([C@H]([C@@H](O7)CO)O)O)O)(C)C)O[C@@H]8[C@H]([C@@H]([C@H](CO8)O)O)O
CC(C)=CCC[C@](C)(O[C@@H]1O[C@H](CO)[C@@H](O)[C@H](O)[C@H]1O)[C@H]1CC[C@]2(C)[C@@H]1[C@H](O)C[C@@H]1[C@@]3(C)CC[C@H](O)C(C)(C)[C@@H]3[C@@H](O[C@@H]3O[C@H](CO)[C@@H](O)[C@H](O)[C@H]3O)C[C@]12C,inactive,CC(=CCC[C@@](C)([C@H]1CC[C@@]2([C@@H]1[C@@H](C[C@H]3[C@]2(C[C@@H]([C@@H]4[C@@]3(CC[C@@H](C4(C)C)O)C)O[C@H]5[C@@H]([C@H]([C@@H]([C@H](O5)CO)O)O)O)C)O)C)O[C@H]6[C@@H]([C@H]([C@@H]([C@H](O6)CO)O)O)O)C
CC(C)=CCC[C@](C)(O[C@@H]1O[C@H](CO)[C@@H](O)[C@H](O)[C@H]1O)[C@H]1CC[C@]2(C)[C@@H]1[C@H](O)C[C@@H]1[C@@]3(C)CC[C@H](O)C(C)(C)[C@@H]3[C@@H](O[C@@H]3O[C@H](CO)[C@@H](O)[C@H](O)[C@H]3O[C@@H]3O[C@@H](C)[C@H](O)[C@@H](O)[C@H]3O)C[C@]12C,inactive,C[C@H]1[C@@H]([C@H]([C@H]([C@@H](O1)O[C@@H]2[C@H]([C@@H]([C@H](O[C@H]2O[C@H]3C[C@@]4([C@H](C[C@H]([C@H]5[C@]4(CC[C@@H]5[C@](C)(CCC=C(C)C)O[C@H]6[C@@H]([C@H]([C@@H]([C@H](O6)CO)O)O)O)C)O)[C@@]7([C@@H]3C([C@H](CC7)O)(C)C)C)C)CO)O)O)O)O)O
C=C1C[C@@]23CC[C@H]4[C@@](C)(CCC[C@@]4(C)C(=O)O[C@@H]4O[C@H](CO)[C@@H](O)[C@H](O)[C@H]4O[C@@H]4O[C@H](CO)[C@@H](O)[C@H](O)[C@H]4O)[C@@H]2CC[C@]1(O[C@@H]1O[C@H](CO)[C@@H](O)[C@H](O)[C@H]1O[C@@H]1O[C@H](CO)[C@@H](O)[C@H](O)[C@H]1O)C3,inactive,C[C@@]12CCC[C@@]([C@H]1CC[C@]34[C@H]2CC[C@](C3)(C(=C)C4)O[C@H]5[C@@H]([C@H]([C@@H]([C@H](O5)CO)O)O)O[C@H]6[C@@H]([C@H]([C@@H]([C@H](O6)CO)O)O)O)(C)C(=O)O[C@H]7[C@@H]([C@H]([C@@H]([C@H](O7)CO)O)O)O[C@H]8[C@@H]([C@H]([C@@H]([C@H](O8)CO)O)O)O
CCCCCCCC/C=C/CCCCCCCCCC(=O)O,inactive,CCCCCCCC/C=C/CCCCCCCCCC(=O)O
CCCCCCCC/C=C\CCCCCCCCCCCCCC(=O)O,inactive,CCCCCCCC/C=C\CCCCCCCCCCCCCC(=O)O
CCCCCC/C=C/CCCCCCCCCC(=O)O,inactive,CCCCCC/C=C/CCCCCCCCCC(=O)O
CC(C)=CCC[C@](C)(O[C@@H]1O[C@H](CO)[C@@H](O)[C@H](O)[C@H]1O)[C@H]1CC[C@]2(C)[C@@H]1[C@H](O)C[C@@H]1[C@@]3(C)CC[C@H](O[C@@H]4O[C@H](CO)[C@@H](O)[C@H](O)[C@H]4O[C@@H]4O[C@H](CO)[C@@H](O)[C@H](O)[C@H]4O)C(C)(C)[C@@H]3CC[C@]12C,inactive,CC(=CCC[C@@](C)([C@H]1CC[C@@]2([C@@H]1[C@@H](C[C@H]3[C@]2(CC[C@@H]4[C@@]3(CC[C@@H](C4(C)C)O[C@H]5[C@@H]([C@H]([C@@H]([C@H](O5)CO)O)O)O[C@H]6[C@@H]([C@H]([C@@H]([C@H](O6)CO)O)O)O)C)C)O)C)O[C@H]7[C@@H]([C@H]([C@@H]([C@H](O7)CO)O)O)O)C
CC(C)[C@H](C)CC[C@@H](C)[C@H]1CC[C@H]2[C@@H]3CC=C4C[C@@H](O)CC[C@]4(C)[C@H]3CC[C@]12C,inactive,C[C@H](CC[C@@H](C)C(C)C)[C@H]1CC[C@@H]2[C@@]1(CC[C@H]3[C@H]2CC=C4[C@@]3(CC[C@@H](C4)O)C)C
CC(=O)O[C@H]1[C@H](O[C@H]2CC[C@]34C[C@]35CC[C@]3(C)[C@@H]([C@@]6(C)CC[C@@H](C(C)(C)O)O6)[C@@H](O)C[C@@]3(C)[C@@H]5C[C@H](O[C@@H]3O[C@H](CO)[C@@H](O)[C@H](O)[C@H]3O)[C@H]4C2(C)C)OC[C@@H](O)[C@@H]1O,inactive,CC(=O)O[C@@H]1[C@H]([C@@H](CO[C@H]1O[C@H]2CC[C@]34C[C@]35CC[C@@]6([C@H]([C@H](C[C@]6([C@@H]5C[C@@H]([C@H]4C2(C)C)O[C@H]7[C@@H]([C@H]([C@@H]([C@H](O7)CO)O)O)O)C)O)[C@]8(CC[C@H](O8)C(C)(C)O)C)C)O)O
C[C@@H]1CC[C@]2(C)CC[C@]3(C)C(=C2[C@H]1C)CC(=O)C1[C@@]2(C)CC[C@@H](O)[C@](C)(C(=O)O)C2CC[C@]13C,inactive,C[C@@H]1CC[C@@]2(CC[C@@]3(C(=CC(=O)C4[C@]3(CCC5[C@@]4(CC[C@H]([C@]5(C)C(=O)O)O)C)C)C2[C@H]1C)C)C
O=C(O)CC(O)(C(=O)O)C(O)C(=O)O,inactive,C(C(=O)O)C(C(C(=O)O)O)(C(=O)O)O
C=C1C[C@@]23CC[C@H]4[C@@](C)(CCC[C@@]4(C)C(=O)OC4OC(CO)C(O)C(O)C4O)[C@@H]2CC[C@]1(OC1OC(CO)C(O)C(O)C1OC1OC(CO)C(O)C(O)C1O)C3,inactive,C[C@@]12CCC[C@@]([C@H]1CC[C@]34[C@H]2CC[C@](C3)(C(=C)C4)OC5C(C(C(C(O5)CO)O)O)OC6C(C(C(C(O6)CO)O)O)O)(C)C(=O)OC7C(C(C(C(O7)CO)O)O)O
O=S(=O)(c1ccccc1)N(CC(F)(F)F)c1ccc(C(O)(C(F)(F)F)C(F)(F)F)cc1,active,C1=CC=C(C=C1)S(=O)(=O)N(CC(F)(F)F)C2=CC=C(C=C2)C(C(F)(F)F)(C(F)(F)F)O
COc1ccc(OC)c(-n2nnc(S(=O)(=O)c3ccc(C(C)(C)C)cc3)c2C)c1,active,CC1=C(N=NN1C2=C(C=CC(=C2)OC)OC)S(=O)(=O)C3=CC=C(C=C3)C(C)(C)C
COc1ccc(OC)c(-n2nnc(C(=O)Nc3ccc(C(C)(C)C)cc3)c2C)c1,active,CC1=C(N=NN1C2=C(C=CC(=C2)OC)OC)C(=O)NC3=CC=C(C=C3)C(C)(C)C
COc1ccc(OC)c(-n2nnc(C(=O)Nc3cccc(C(C)(C)C)c3)c2C)c1,active,CC1=C(N=NN1C2=C(C=CC(=C2)OC)OC)C(=O)NC3=CC=CC(=C3)C(C)(C)C
COc1ccc(OC)c(-n2nnc(C(=O)Nc3ccccc3C(C)(C)C)c2C)c1,active,CC1=C(N=NN1C2=C(C=CC(=C2)OC)OC)C(=O)NC3=CC=CC=C3C(C)(C)C
COc1ccc(OC)c(-n2nnc(C(=O)Nc3cccc(C)c3)c2C)c1,inactive,CC1=CC(=CC=C1)NC(=O)C2=C(N(N=N2)C3=C(C=CC(=C3)OC)OC)C
CCc1cccc(NC(=O)c2nnn(-c3cc(OC)ccc3OC)c2C)c1,inactive,CCC1=CC(=CC=C1)NC(=O)C2=C(N(N=N2)C3=C(C=CC(=C3)OC)OC)C
COc1ccc(OC)c(-n2nnc(C(=O)Nc3cccc(C(C)C)c3)c2C)c1,active,CC1=C(N=NN1C2=C(C=CC(=C2)OC)OC)C(=O)NC3=CC=CC(=C3)C(C)C
COc1ccc(OC)c(-n2nnc(C(=O)Nc3cccc(N(C)C)c3)c2C)c1,inactive,CC1=C(N=NN1C2=C(C=CC(=C2)OC)OC)C(=O)NC3=CC(=CC=C3)N(C)C
COc1ccc(OC)c(-n2nnc(C(=O)Nc3cccc(N4CCCC4)c3)c2C)c1,active,CC1=C(N=NN1C2=C(C=CC(=C2)OC)OC)C(=O)NC3=CC(=CC=C3)N4CCCC4
COc1ccc(OC)c(-n2nnc(C(=O)Nc3cccc(N4CCCCC4)c3)c2C)c1,active,CC1=C(N=NN1C2=C(C=CC(=C2)OC)OC)C(=O)NC3=CC(=CC=C3)N4CCCCC4
COc1ccc(OC)c(-n2nnc(C(=O)Nc3cccc(-n4cccc4)c3)c2C)c1,active,CC1=C(N=NN1C2=C(C=CC(=C2)OC)OC)C(=O)NC3=CC(=CC=C3)N4C=CC=C4
COc1ccc(OC)c(-n2nnc(C(=O)Nc3cc(C(C)(C)C)cc(C(C)(C)C)c3)c2C)c1,active,CC1=C(N=NN1C2=C(C=CC(=C2)OC)OC)C(=O)NC3=CC(=CC(=C3)C(C)(C)C)C(C)(C)C
CCOc1cc(NC(=O)c2nnn(-c3cc(OC)ccc3OC)c2C)nc(OCC)n1,inactive,CCOC1=NC(=NC(=C1)NC(=O)C2=C(N(N=N2)C3=C(C=CC(=C3)OC)OC)C)OCC
COc1ccc(OC)c(-n2nnc(C(=O)Nc3cc(N)cc(C(C)(C)C)c3)c2C)c1,active,CC1=C(N=NN1C2=C(C=CC(=C2)OC)OC)C(=O)NC3=CC(=CC(=C3)N)C(C)(C)C
CNc1cc(NC(=O)c2nnn(-c3cc(OC)ccc3OC)c2C)cc(C(C)(C)C)c1,active,CC1=C(N=NN1C2=C(C=CC(=C2)OC)OC)C(=O)NC3=CC(=CC(=C3)NC)C(C)(C)C
COc1ccc(OC)c(-n2nnc(C(=O)Nc3cc(N(C)C)cc(C(C)(C)C)c3)c2C)c1,active,CC1=C(N=NN1C2=C(C=CC(=C2)OC)OC)C(=O)NC3=CC(=CC(=C3)C(C)(C)C)N(C)C
CCCCNc1cc(NC(=O)c2nnn(-c3cc(OC)ccc3OC)c2C)cc(C(C)(C)C)c1,active,CCCCNC1=CC(=CC(=C1)C(C)(C)C)NC(=O)C2=C(N(N=N2)C3=C(C=CC(=C3)OC)OC)C
CCCCN(CCCC)c1cc(NC(=O)c2nnn(-c3cc(OC)ccc3OC)c2C)cc(C(C)(C)C)c1,active,CCCCN(CCCC)C1=CC(=CC(=C1)NC(=O)C2=C(N(N=N2)C3=C(C=CC(=C3)OC)OC)C)C(C)(C)C
COc1ccc(OC)c(-n2nnc(C(=O)Nc3cc(O)cc(C(C)(C)C)c3)c2C)c1,active,CC1=C(N=NN1C2=C(C=CC(=C2)OC)OC)C(=O)NC3=CC(=CC(=C3)C(C)(C)C)O
COc1cc(NC(=O)c2nnn(-c3cc(OC)ccc3OC)c2C)cc(C(C)(C)C)c1,active,CC1=C(N=NN1C2=C(C=CC(=C2)OC)OC)C(=O)NC3=CC(=CC(=C3)C(C)(C)C)OC
CCCCOc1cc(NC(=O)c2nnn(-c3cc(OC)ccc3OC)c2C)cc(C(C)(C)C)c1,active,CCCCOC1=CC(=CC(=C1)NC(=O)C2=C(N(N=N2)C3=C(C=CC(=C3)OC)OC)C)C(C)(C)C
COc1ccc(OC)c(-n2nnc(C(=O)Nc3cc(C#N)cc(C(C)(C)C)c3)c2C)c1,active,CC1=C(N=NN1C2=C(C=CC(=C2)OC)OC)C(=O)NC3=CC(=CC(=C3)C(C)(C)C)C#N
COc1ccc(OC)c(-n2nnc(C(=O)Nc3cc(B4OC(C)(C)C(C)(C)O4)cc(C(C)(C)C)c3)c2C)c1,active,B1(OC(C(O1)(C)C)(C)C)C2=CC(=CC(=C2)NC(=O)C3=C(N(N=N3)C4=C(C=CC(=C4)OC)OC)C)C(C)(C)C
COc1ccc(OC)c(-n2nnc(C(=O)Nc3cc(-c4nn[nH]n4)cc(C(C)(C)C)c3)c2C)c1,active,CC1=C(N=NN1C2=C(C=CC(=C2)OC)OC)C(=O)NC3=CC(=CC(=C3)C(C)(C)C)C4=NNN=N4
COc1ccc(OC)c(-n2nnc(C(=O)Nc3ccc(N)c(C(C)(C)C)c3)c2C)c1,active,CC1=C(N=NN1C2=C(C=CC(=C2)OC)OC)C(=O)NC3=CC(=C(C=C3)N)C(C)(C)C
COc1ccc(OC)c(-n2nnc(C(=O)Nc3ccc(NC(C)=O)c(C(C)(C)C)c3)c2C)c1,active,CC1=C(N=NN1C2=C(C=CC(=C2)OC)OC)C(=O)NC3=CC(=C(C=C3)NC(=O)C)C(C)(C)C
CNc1ccc(NC(=O)c2nnn(-c3cc(OC)ccc3OC)c2C)cc1C(C)(C)C,active,CC1=C(N=NN1C2=C(C=CC(=C2)OC)OC)C(=O)NC3=CC(=C(C=C3)NC)C(C)(C)C
COc1ccc(OC)c(-n2nnc(C(=O)Nc3ccc(N(C)C)c(C(C)(C)C)c3)c2C)c1,active,CC1=C(N=NN1C2=C(C=CC(=C2)OC)OC)C(=O)NC3=CC(=C(C=C3)N(C)C)C(C)(C)C
CCCCNc1ccc(NC(=O)c2nnn(-c3cc(OC)ccc3OC)c2C)cc1C(C)(C)C,active,CCCCNC1=C(C=C(C=C1)NC(=O)C2=C(N(N=N2)C3=C(C=CC(=C3)OC)OC)C)C(C)(C)C
COc1ccc(OC)c(-n2nnc(C(=O)Nc3ccc(O)c(C(C)(C)C)c3)c2C)c1,active,CC1=C(N=NN1C2=C(C=CC(=C2)OC)OC)C(=O)NC3=CC(=C(C=C3)O)C(C)(C)C
COc1ccc(OC)c(-n2nnc(C(=O)Nc3ccc(OC)c(C(C)(C)C)c3)c2C)c1,active,CC1=C(N=NN1C2=C(C=CC(=C2)OC)OC)C(=O)NC3=CC(=C(C=C3)OC)C(C)(C)C
COc1ccc(OC)c(-n2nnc(C(=O)Nc3cc(C(C)(C)C)ccc3NC(C)=O)c2C)c1,active,CC1=C(N=NN1C2=C(C=CC(=C2)OC)OC)C(=O)NC3=C(C=CC(=C3)C(C)(C)C)NC(=O)C
COc1ccc(OC)c(-n2nnc(C(=O)Nc3cc(C(C)(C)C)ccc3NC(=O)OC(C)(C)C)c2C)c1,active,CC1=C(N=NN1C2=C(C=CC(=C2)OC)OC)C(=O)NC3=C(C=CC(=C3)C(C)(C)C)NC(=O)OC(C)(C)C
COc1ccc(OC)c(-n2nnc(C(=O)Nc3cc(C(C)(C)C)ccc3O)c2C)c1,active,CC1=C(N=NN1C2=C(C=CC(=C2)OC)OC)C(=O)NC3=C(C=CC(=C3)C(C)(C)C)O
COc1ccc(OC)c(-n2nnc(C(=O)Nc3cc(C(C)(C)C)ccc3OC)c2C)c1,active,CC1=C(N=NN1C2=C(C=CC(=C2)OC)OC)C(=O)NC3=C(C=CC(=C3)C(C)(C)C)OC
CCOc1ccc(C(C)(C)C)cc1NC(=O)c1nnn(-c2cc(OC)ccc2OC)c1C,active,CCOC1=C(C=C(C=C1)C(C)(C)C)NC(=O)C2=C(N(N=N2)C3=C(C=CC(=C3)OC)OC)C
CCCOc1ccc(C(C)(C)C)cc1NC(=O)c1nnn(-c2cc(OC)ccc2OC)c1C,active,CCCOC1=C(C=C(C=C1)C(C)(C)C)NC(=O)C2=C(N(N=N2)C3=C(C=CC(=C3)OC)OC)C
CCCCOc1ccc(C(C)(C)C)cc1NC(=O)c1nnn(-c2cc(OC)ccc2OC)c1C,active,CCCCOC1=C(C=C(C=C1)C(C)(C)C)NC(=O)C2=C(N(N=N2)C3=C(C=CC(=C3)OC)OC)C
CCCCCOc1ccc(C(C)(C)C)cc1NC(=O)c1nnn(-c2cc(OC)ccc2OC)c1C,active,CCCCCOC1=C(C=C(C=C1)C(C)(C)C)NC(=O)C2=C(N(N=N2)C3=C(C=CC(=C3)OC)OC)C
CCCCCCOc1ccc(C(C)(C)C)cc1NC(=O)c1nnn(-c2cc(OC)ccc2OC)c1C,active,CCCCCCOC1=C(C=C(C=C1)C(C)(C)C)NC(=O)C2=C(N(N=N2)C3=C(C=CC(=C3)OC)OC)C
CCCCCCCCOc1ccc(C(C)(C)C)cc1NC(=O)c1nnn(-c2cc(OC)ccc2OC)c1C,active,CCCCCCCCOC1=C(C=C(C=C1)C(C)(C)C)NC(=O)C2=C(N(N=N2)C3=C(C=CC(=C3)OC)OC)C
COc1ccc(OC)c(-n2nnc(C(=O)Nc3cc(C(C)(C)C)ccc3OCCCCO)c2C)c1,active,CC1=C(N=NN1C2=C(C=CC(=C2)OC)OC)C(=O)NC3=C(C=CC(=C3)C(C)(C)C)OCCCCO
COc1ccc(OC)c(-n2nnc(C(=O)Nc3cc(C(C)(C)C)ccc3OCCN(C)C)c2C)c1,active,CC1=C(N=NN1C2=C(C=CC(=C2)OC)OC)C(=O)NC3=C(C=CC(=C3)C(C)(C)C)OCCN(C)C
COc1ccc(OC)c(-n2nnc(C(=O)Nc3cc(C(C)(C)C)ccc3OCCN3CCOCC3)c2C)c1,active,CC1=C(N=NN1C2=C(C=CC(=C2)OC)OC)C(=O)NC3=C(C=CC(=C3)C(C)(C)C)OCCN4CCOCC4
CCCCOc1ccc(C(C)(C)C)cc1NC(=O)c1nnn(-c2cc(Cl)ccc2OC)c1C,active,CCCCOC1=C(C=C(C=C1)C(C)(C)C)NC(=O)C2=C(N(N=N2)C3=C(C=CC(=C3)Cl)OC)C
CCCCOc1ccc(C(C)(C)C)cc1NC(=O)c1nnn(-c2cc(C)ccc2OC)c1C,active,CCCCOC1=C(C=C(C=C1)C(C)(C)C)NC(=O)C2=C(N(N=N2)C3=C(C=CC(=C3)C)OC)C
CCCCOc1ccc(C(C)(C)C)cc1NC(=O)c1nnn(-c2cc(OC)ccc2F)c1C,active,CCCCOC1=C(C=C(C=C1)C(C)(C)C)NC(=O)C2=C(N(N=N2)C3=C(C=CC(=C3)OC)F)C
CCCCOc1ccc(C(C)(C)C)cc1NC(=O)c1nnn(-c2cc(OC)ccc2Cl)c1C,active,CCCCOC1=C(C=C(C=C1)C(C)(C)C)NC(=O)C2=C(N(N=N2)C3=C(C=CC(=C3)OC)Cl)C
CCCCOc1ccc(C(C)(C)C)cc1NC(=O)c1nnn(-c2ccccc2)c1C,active,CCCCOC1=C(C=C(C=C1)C(C)(C)C)NC(=O)C2=C(N(N=N2)C3=CC=CC=C3)C
CCCCOc1ccc(C(C)(C)C)cc1NC(=O)c1nnn(-c2ccccc2OC)c1C,active,CCCCOC1=C(C=C(C=C1)C(C)(C)C)NC(=O)C2=C(N(N=N2)C3=CC=CC=C3OC)C
CCCCOc1ccc(C(C)(C)C)cc1NC(=O)c1nnn(-c2cccnc2OC)c1C,active,CCCCOC1=C(C=C(C=C1)C(C)(C)C)NC(=O)C2=C(N(N=N2)C3=C(N=CC=C3)OC)C
CCCCOc1ccc(C(C)(C)C)cc1NC(=O)c1nnn(-c2cccc(OC)c2)c1C,active,CCCCOC1=C(C=C(C=C1)C(C)(C)C)NC(=O)C2=C(N(N=N2)C3=CC(=CC=C3)OC)C
COc1ccc(OC)c(-n2nnc(C(=O)Nc3ccc(C)cc3)c2C)c1,inactive,CC1=CC=C(C=C1)NC(=O)C2=C(N(N=N2)C3=C(C=CC(=C3)OC)OC)C
COc1ccc(OC)c(-n2nnc(C(=O)Nc3cc(C)ccc3OC)c2C)c1,active,CC1=CC(=C(C=C1)OC)NC(=O)C2=C(N(N=N2)C3=C(C=CC(=C3)OC)OC)C
COc1ccc(OC)c(-n2nnc(C(=O)Nc3cc(C(C)(C)C)ccc3OCCOCCOCCOCCO)c2C)c1,active,CC1=C(N=NN1C2=C(C=CC(=C2)OC)OC)C(=O)NC3=C(C=CC(=C3)C(C)(C)C)OCCOCCOCCOCCO
COc1ccc(OC)c(-n2nnc(C(=O)Nc3cc(C(C)(C)C)ccc3OC(C)C)c2C)c1,active,CC1=C(N=NN1C2=C(C=CC(=C2)OC)OC)C(=O)NC3=C(C=CC(=C3)C(C)(C)C)OC(C)C
COc1ccc(OC)c(-n2nnc(C(=O)Nc3cc(C(C)(C)C)ccc3OCC#N)c2C)c1,active,CC1=C(N=NN1C2=C(C=CC(=C2)OC)OC)C(=O)NC3=C(C=CC(=C3)C(C)(C)C)OCC#N
COc1ccc(OC)c(-n2nnc(C(=O)Nc3cc(C(C)(C)C)ccc3OCCCN(C)C)c2C)c1,inactive,CC1=C(N=NN1C2=C(C=CC(=C2)OC)OC)C(=O)NC3=C(C=CC(=C3)C(C)(C)C)OCCCN(C)C
COc1ccc(OC)c(-n2nnc(C(=O)Nc3cc(C(C)(C)C)ccc3OCCCN3CCOCC3)c2C)c1,active,CC1=C(N=NN1C2=C(C=CC(=C2)OC)OC)C(=O)NC3=C(C=CC(=C3)C(C)(C)C)OCCCN4CCOCC4
COc1ccc(OC)c(-n2nnc(C(=O)Nc3cc(C(C)(C)C)ccc3OCCCCCCCCI)c2C)c1,active,CC1=C(N=NN1C2=C(C=CC(=C2)OC)OC)C(=O)NC3=C(C=CC(=C3)C(C)(C)C)OCCCCCCCCI
COc1ccc(OC)c(-n2nnc(C(=O)Nc3cc(C(C)(C)C)ccc3OCCCCI)c2C)c1,active,CC1=C(N=NN1C2=C(C=CC(=C2)OC)OC)C(=O)NC3=C(C=CC(=C3)C(C)(C)C)OCCCCI
COc1ccc(OC)c(-n2nnc(C(=O)Nc3cc(C(C)(C)C)ccc3OCC(=O)OC(C)(C)C)c2C)c1,active,CC1=C(N=NN1C2=C(C=CC(=C2)OC)OC)C(=O)NC3=C(C=CC(=C3)C(C)(C)C)OCC(=O)OC(C)(C)C
COc1ccc(Cl)cc1-n1nnc(C(=O)Nc2cc(C(C)(C)C)ccc2OCC(=O)O)c1C,active,CC1=C(N=NN1C2=C(C=CC(=C2)Cl)OC)C(=O)NC3=C(C=CC(=C3)C(C)(C)C)OCC(=O)O
CCC(C)Oc1ccc(C(C)(C)C)cc1NC(=O)c1nnn(-c2cc(OC)ccc2OC)c1C,active,CCC(C)OC1=C(C=C(C=C1)C(C)(C)C)NC(=O)C2=C(N(N=N2)C3=C(C=CC(=C3)OC)OC)C
CCCC(C)Oc1ccc(C(C)(C)C)cc1NC(=O)c1nnn(-c2cc(OC)ccc2OC)c1C,active,CCCC(C)OC1=C(C=C(C=C1)C(C)(C)C)NC(=O)C2=C(N(N=N2)C3=C(C=CC(=C3)OC)OC)C
COc1ccc(OC)c(-n2nnc(C(=O)Nc3cc(C(C)(C)C)ccc3OCCC(C)C)c2C)c1,active,CC1=C(N=NN1C2=C(C=CC(=C2)OC)OC)C(=O)NC3=C(C=CC(=C3)C(C)(C)C)OCCC(C)C
COc1ccc(OC)c(-n2nnc(C(=O)Nc3cc(C(C)(C)C)ccc3OCC(C)(C)C)c2C)c1,active,CC1=C(N=NN1C2=C(C=CC(=C2)OC)OC)C(=O)NC3=C(C=CC(=C3)C(C)(C)C)OCC(C)(C)C
CCC(C)COc1ccc(C(C)(C)C)cc1NC(=O)c1nnn(-c2cc(OC)ccc2OC)c1C,active,CCC(C)COC1=C(C=C(C=C1)C(C)(C)C)NC(=O)C2=C(N(N=N2)C3=C(C=CC(=C3)OC)OC)C
CCC(CC)Oc1ccc(C(C)(C)C)cc1NC(=O)c1nnn(-c2cc(OC)ccc2OC)c1C,active,CCC(CC)OC1=C(C=C(C=C1)C(C)(C)C)NC(=O)C2=C(N(N=N2)C3=C(C=CC(=C3)OC)OC)C
COc1ccc(OC)c(-n2nnc(C(=O)Nc3cc(C(C)(C)C)ccc3OCC(C)C)c2C)c1,active,CC1=C(N=NN1C2=C(C=CC(=C2)OC)OC)C(=O)NC3=C(C=CC(=C3)C(C)(C)C)OCC(C)C
CCCC(CCC)Oc1ccc(C(C)(C)C)cc1NC(=O)c1nnn(-c2cc(OC)ccc2OC)c1C,active,CCCC(CCC)OC1=C(C=C(C=C1)C(C)(C)C)NC(=O)C2=C(N(N=N2)C3=C(C=CC(=C3)OC)OC)C
CCCC(CC)Oc1ccc(C(C)(C)C)cc1NC(=O)c1nnn(-c2cc(OC)ccc2OC)c1C,active,CCCC(CC)OC1=C(C=C(C=C1)C(C)(C)C)NC(=O)C2=C(N(N=N2)C3=C(C=CC(=C3)OC)OC)C
COc1ccc(OC)c(-n2nnc(C(=O)Nc3cc(NC(=O)CCC(=O)O)cc(C(C)(C)C)c3)c2C)c1,active,CC1=C(N=NN1C2=C(C=CC(=C2)OC)OC)C(=O)NC3=CC(=CC(=C3)NC(=O)CCC(=O)O)C(C)(C)C
COc1ccc(OC)c(-n2nnc(C(=O)Nc3cc(-n4c(O)ccc4O)cc(C(C)(C)C)c3)c2C)c1,active,CC1=C(N=NN1C2=C(C=CC(=C2)OC)OC)C(=O)NC3=CC(=CC(=C3)C(C)(C)C)N4C(=O)CCC4=O
COc1ccc(OC)c(-n2nnc(C(=O)Nc3cc(NCC(=O)OC(C)(C)C)cc(C(C)(C)C)c3)c2C)c1,active,CC1=C(N=NN1C2=C(C=CC(=C2)OC)OC)C(=O)NC3=CC(=CC(=C3)NCC(=O)OC(C)(C)C)C(C)(C)C
COc1ccc(OC)c(-n2nnc(C(=O)Nc3cc(NCC(=O)O)cc(C(C)(C)C)c3)c2C)c1,active,CC1=C(N=NN1C2=C(C=CC(=C2)OC)OC)C(=O)NC3=CC(=CC(=C3)NCC(=O)O)C(C)(C)C
COc1ccc(OC)c(-n2nnc(C(=O)Nc3cc(N=C=S)cc(C(C)(C)C)c3)c2C)c1,active,CC1=C(N=NN1C2=C(C=CC(=C2)OC)OC)C(=O)NC3=CC(=CC(=C3)C(C)(C)C)N=C=S
CCCCOc1cc(N(CCCC)C(=O)c2nnn(-c3cc(OC)ccc3Cl)c2C)cc(C(C)(C)C)c1,active,CCCCN(C1=CC(=CC(=C1)C(C)(C)C)OCCCC)C(=O)C2=C(N(N=N2)C3=C(C=CC(=C3)OC)Cl)C
COc1ccc(OC)c(-n2nnc(C(=O)Nc3cc(OCCCCI)cc(C(C)(C)C)c3)c2C)c1,active,CC1=C(N=NN1C2=C(C=CC(=C2)OC)OC)C(=O)NC3=CC(=CC(=C3)C(C)(C)C)OCCCCI
C#CCCCOc1cc(NC(=O)c2nnn(-c3cc(OC)ccc3OC)c2C)cc(C(C)(C)C)c1,active,CC1=C(N=NN1C2=C(C=CC(=C2)OC)OC)C(=O)NC3=CC(=CC(=C3)C(C)(C)C)OCCCC#C
CCCCCCCCOc1cc(NC(=O)c2nnn(-c3cc(OC)ccc3OC)c2C)cc(C(C)(C)C)c1,active,CCCCCCCCOC1=CC(=CC(=C1)NC(=O)C2=C(N(N=N2)C3=C(C=CC(=C3)OC)OC)C)C(C)(C)C
COc1ccc(OC)c(-n2nnc(C(=O)Nc3cc(OCCCCCCCCI)cc(C(C)(C)C)c3)c2C)c1,active,CC1=C(N=NN1C2=C(C=CC(=C2)OC)OC)C(=O)NC3=CC(=CC(=C3)C(C)(C)C)OCCCCCCCCI
COc1ccc(OC)c(-n2nnc(C(=O)Nc3cc(OCCCCCCCCBr)cc(C(C)(C)C)c3)c2C)c1,active,CC1=C(N=NN1C2=C(C=CC(=C2)OC)OC)C(=O)NC3=CC(=CC(=C3)C(C)(C)C)OCCCCCCCCBr
COc1ccc(OC)c(C2N=NC(C(=N)Nc3cc(OCCCCCCCCOc4cc(NC(=O)c5nnn(-c6cc(OC)ccc6OC)c5C)cc(C(C)(C)C)c4)cc(C(C)(C)C)c3)=C2C)c1,active,CC1=C(N=NC1C2=C(C=CC(=C2)OC)OC)C(=NC3=CC(=CC(=C3)C(C)(C)C)OCCCCCCCCOC4=CC(=CC(=C4)NC(=O)C5=C(N(N=N5)C6=C(C=CC(=C6)OC)OC)C)C(C)(C)C)N
COc1ccc(OC)c(-n2nnc(C(=O)Nc3cc(OCCCCCCCCCl)cc(C(C)(C)C)c3)c2C)c1,active,CC1=C(N=NN1C2=C(C=CC(=C2)OC)OC)C(=O)NC3=CC(=CC(=C3)C(C)(C)C)OCCCCCCCCCl
COc1ccc(OC)c(-n2nnc(C(=O)Nc3cc(OCCCCCCCCO)cc(C(C)(C)C)c3)c2C)c1,active,CC1=C(N=NN1C2=C(C=CC(=C2)OC)OC)C(=O)NC3=CC(=CC(=C3)C(C)(C)C)OCCCCCCCCO
COc1ccc(OC)c(-n2nnc(C(=O)Nc3cc(OCCCCCCCC=O)cc(C(C)(C)C)c3)c2C)c1,active,CC1=C(N=NN1C2=C(C=CC(=C2)OC)OC)C(=O)NC3=CC(=CC(=C3)C(C)(C)C)OCCCCCCCC=O
COCCOCCOCCOCCOc1cc(NC(=O)c2nnn(-c3cc(OC)ccc3OC)c2C)cc(C(C)(C)C)c1,active,CC1=C(N=NN1C2=C(C=CC(=C2)OC)OC)C(=O)NC3=CC(=CC(=C3)C(C)(C)C)OCCOCCOCCOCCOC
CNC(=O)c1cc(Oc2cc(NC(=O)c3nnn(-c4cc(OC)ccc4OC)c3C)cc(C(C)(C)C)c2)ccn1,active,CC1=C(N=NN1C2=C(C=CC(=C2)OC)OC)C(=O)NC3=CC(=CC(=C3)C(C)(C)C)OC4=CC(=NC=C4)C(=O)NC
COC(=O)CCCOc1cc(NC(=O)c2nnn(-c3cc(OC)ccc3OC)c2C)cc(C(C)(C)C)c1,active,CC1=C(N=NN1C2=C(C=CC(=C2)OC)OC)C(=O)NC3=CC(=CC(=C3)C(C)(C)C)OCCCC(=O)OC
COc1ccc(OC)c(-n2nnc(C(=O)Nc3cc(OCCCC(=O)O)cc(C(C)(C)C)c3)c2C)c1,active,CC1=C(N=NN1C2=C(C=CC(=C2)OC)OC)C(=O)NC3=CC(=CC(=C3)C(C)(C)C)OCCCC(=O)O
COc1ccc(OC)c(-n2nnc(C(=O)Nc3cc(OCC(=O)OC(C)(C)C)cc(C(C)(C)C)c3)c2C)c1,active,CC1=C(N=NN1C2=C(C=CC(=C2)OC)OC)C(=O)NC3=CC(=CC(=C3)C(C)(C)C)OCC(=O)OC(C)(C)C
COc1ccc(OC)c(-n2nnc(C(=O)Nc3cc(OCCOCCOCCOCCNC(=O)OC(C)(C)C)cc(C(C)(C)C)c3)c2C)c1,active,CC1=C(N=NN1C2=C(C=CC(=C2)OC)OC)C(=O)NC3=CC(=CC(=C3)C(C)(C)C)OCCOCCOCCOCCNC(=O)OC(C)(C)C
COc1ccc(OC)c(-n2nnc(C(=O)Nc3cc(Br)cc(C(C)(C)C)c3)c2C)c1,active,CC1=C(N=NN1C2=C(C=CC(=C2)OC)OC)C(=O)NC3=CC(=CC(=C3)C(C)(C)C)Br
COc1ccc(-n2nnc(C(=O)Nc3ccc(NC(C)=O)c(C(C)(C)C)c3)c2C)cc1,active,CC1=C(N=NN1C2=CC=C(C=C2)OC)C(=O)NC3=CC(=C(C=C3)NC(=O)C)C(C)(C)C
COc1ccc(-n2nnc(C(=O)Nc3cc(C)ccc3OC)c2C)cc1,active,CC1=CC(=C(C=C1)OC)NC(=O)C2=C(N(N=N2)C3=CC=C(C=C3)OC)C
COc1ccc(Cl)cc1-n1nnc(C(=O)Nc2cc(C(C)(C)C)cc(C(C)(C)C)c2)c1C,active,CC1=C(N=NN1C2=C(C=CC(=C2)Cl)OC)C(=O)NC3=CC(=CC(=C3)C(C)(C)C)C(C)(C)C
COc1ccc(Cl)cc1-n1nnc(C(=O)Nc2cc(N)cc(C(C)(C)C)c2)c1C,active,CC1=C(N=NN1C2=C(C=CC(=C2)Cl)OC)C(=O)NC3=CC(=CC(=C3)N)C(C)(C)C
CCCCNc1cc(NC(=O)c2nnn(-c3cc(Cl)ccc3OC)c2C)cc(C(C)(C)C)c1,active,CCCCNC1=CC(=CC(=C1)C(C)(C)C)NC(=O)C2=C(N(N=N2)C3=C(C=CC(=C3)Cl)OC)C
COc1ccc(Cl)cc1-n1nnc(C(=O)Nc2cc(O)cc(C(C)(C)C)c2)c1C,active,CC1=C(N=NN1C2=C(C=CC(=C2)Cl)OC)C(=O)NC3=CC(=CC(=C3)C(C)(C)C)O
COc1cc(NC(=O)c2nnn(-c3cc(Cl)ccc3OC)c2C)cc(C(C)(C)C)c1,active,CC1=C(N=NN1C2=C(C=CC(=C2)Cl)OC)C(=O)NC3=CC(=CC(=C3)C(C)(C)C)OC
CCCCOc1cc(NC(=O)c2nnn(-c3cc(Cl)ccc3OC)c2C)cc(C(C)(C)C)c1,active,CCCCOC1=CC(=CC(=C1)NC(=O)C2=C(N(N=N2)C3=C(C=CC(=C3)Cl)OC)C)C(C)(C)C
CCCC(CC)Oc1ccc(C(C)(C)C)cc1NC(=O)c1nnn(-c2cc(Cl)ccc2OC)c1C,active,CCCC(CC)OC1=C(C=C(C=C1)C(C)(C)C)NC(=O)C2=C(N(N=N2)C3=C(C=CC(=C3)Cl)OC)C
CCCC(C)Oc1ccc(C(C)(C)C)cc1NC(=O)c1nnn(-c2cc(Cl)ccc2OC)c1C,active,CCCC(C)OC1=C(C=C(C=C1)C(C)(C)C)NC(=O)C2=C(N(N=N2)C3=C(C=CC(=C3)Cl)OC)C
CCC(C)Oc1ccc(C(C)(C)C)cc1NC(=O)c1nnn(-c2cc(Cl)ccc2OC)c1C,active,CCC(C)OC1=C(C=C(C=C1)C(C)(C)C)NC(=O)C2=C(N(N=N2)C3=C(C=CC(=C3)Cl)OC)C
COc1ccc(C)cc1-n1nnc(C(=O)Nc2ccc(O)c(C(C)(C)C)c2)c1C,active,CC1=CC(=C(C=C1)OC)N2C(=C(N=N2)C(=O)NC3=CC(=C(C=C3)O)C(C)(C)C)C
COc1ccc(C)cc1-n1nnc(C(=O)Nc2ccc(OC)c(C(C)(C)C)c2)c1C,active,CC1=CC(=C(C=C1)OC)N2C(=C(N=N2)C(=O)NC3=CC(=C(C=C3)OC)C(C)(C)C)C
COc1ccc(C)cc1-n1nnc(C(=O)Nc2cc(C(C)(C)C)cc(C(C)(C)C)c2)c1C,active,CC1=CC(=C(C=C1)OC)N2C(=C(N=N2)C(=O)NC3=CC(=CC(=C3)C(C)(C)C)C(C)(C)C)C
COc1ccc(C)cc1-n1nnc(C(=O)Nc2cc(N)cc(C(C)(C)C)c2)c1C,active,CC1=CC(=C(C=C1)OC)N2C(=C(N=N2)C(=O)NC3=CC(=CC(=C3)N)C(C)(C)C)C
CCCCNc1cc(NC(=O)c2nnn(-c3cc(C)ccc3OC)c2C)cc(C(C)(C)C)c1,active,CCCCNC1=CC(=CC(=C1)C(C)(C)C)NC(=O)C2=C(N(N=N2)C3=C(C=CC(=C3)C)OC)C
COc1ccc(C)cc1-n1nnc(C(=O)Nc2cc(O)cc(C(C)(C)C)c2)c1C,active,CC1=CC(=C(C=C1)OC)N2C(=C(N=N2)C(=O)NC3=CC(=CC(=C3)C(C)(C)C)O)C
COc1cc(NC(=O)c2nnn(-c3cc(C)ccc3OC)c2C)cc(C(C)(C)C)c1,active,CC1=CC(=C(C=C1)OC)N2C(=C(N=N2)C(=O)NC3=CC(=CC(=C3)C(C)(C)C)OC)C
CCCCOc1cc(NC(=O)c2nnn(-c3cc(C)ccc3OC)c2C)cc(C(C)(C)C)c1,active,CCCCOC1=CC(=CC(=C1)NC(=O)C2=C(N(N=N2)C3=C(C=CC(=C3)C)OC)C)C(C)(C)C
CCCC(CC)Oc1ccc(C(C)(C)C)cc1NC(=O)c1nnn(-c2cc(C)ccc2OC)c1C,active,CCCC(CC)OC1=C(C=C(C=C1)C(C)(C)C)NC(=O)C2=C(N(N=N2)C3=C(C=CC(=C3)C)OC)C
CCCC(C)Oc1ccc(C(C)(C)C)cc1NC(=O)c1nnn(-c2cc(C)ccc2OC)c1C,active,CCCC(C)OC1=C(C=C(C=C1)C(C)(C)C)NC(=O)C2=C(N(N=N2)C3=C(C=CC(=C3)C)OC)C
CCC(C)Oc1ccc(C(C)(C)C)cc1NC(=O)c1nnn(-c2cc(C)ccc2OC)c1C,active,CCC(C)OC1=C(C=C(C=C1)C(C)(C)C)NC(=O)C2=C(N(N=N2)C3=C(C=CC(=C3)C)OC)C
CCCC(CC)Oc1ccc(C(C)(C)C)cc1NC(=O)c1nnn(-c2ccccc2OC)c1C,active,CCCC(CC)OC1=C(C=C(C=C1)C(C)(C)C)NC(=O)C2=C(N(N=N2)C3=CC=CC=C3OC)C
CCCC(C)Oc1ccc(C(C)(C)C)cc1NC(=O)c1nnn(-c2ccccc2OC)c1C,active,CCCC(C)OC1=C(C=C(C=C1)C(C)(C)C)NC(=O)C2=C(N(N=N2)C3=CC=CC=C3OC)C
CCC(C)Oc1ccc(C(C)(C)C)cc1NC(=O)c1nnn(-c2ccccc2OC)c1C,active,CCC(C)OC1=C(C=C(C=C1)C(C)(C)C)NC(=O)C2=C(N(N=N2)C3=CC=CC=C3OC)C
CCCC(C)Oc1ccc(C(C)(C)C)cc1C(=O)Nc1nnn(-c2cc(OC)ccc2OC)c1C,active,CCCC(C)OC1=C(C=C(C=C1)C(C)(C)C)C(=O)NC2=C(N(N=N2)C3=C(C=CC(=C3)OC)OC)C
COc1ccc(OC)c(-n2nnc(C(=O)Sc3ccc(NC(C)=O)cc3)c2C)c1,active,CC1=C(N=NN1C2=C(C=CC(=C2)OC)OC)C(=O)SC3=CC=C(C=C3)NC(=O)C
COc1ccc(OC)c(-n2nnc(NC(=O)Nc3cccc(C(C)(C)C)c3)c2C)c1,active,CC1=C(N=NN1C2=C(C=CC(=C2)OC)OC)NC(=O)NC3=CC=CC(=C3)C(C)(C)C
COc1ccc(OC)c(-n2nnc(C(=O)NS(=O)(=O)c3ccc(C(C)(C)C)cc3)c2C)c1,inactive,CC1=C(N=NN1C2=C(C=CC(=C2)OC)OC)C(=O)NS(=O)(=O)C3=CC=C(C=C3)C(C)(C)C
COc1ccc(OC)c(-n2nnc(S(=O)(=O)Nc3cccc(C(C)(C)C)c3)c2C)c1,active,CC1=C(N=NN1C2=C(C=CC(=C2)OC)OC)S(=O)(=O)NC3=CC=CC(=C3)C(C)(C)C
COc1ccc(OC)c(-n2nnc(NS(=O)(=O)c3ccc(C(C)(C)C)cc3)c2C)c1,active,CC1=C(N=NN1C2=C(C=CC(=C2)OC)OC)NS(=O)(=O)C3=CC=C(C=C3)C(C)(C)C
COc1ccc(OC)c(-n2nnc(N(S(=O)(=O)c3ccc(C(C)(C)C)cc3)S(=O)(=O)c3ccc(C(C)(C)C)cc3)c2C)c1,active,CC1=C(N=NN1C2=C(C=CC(=C2)OC)OC)N(S(=O)(=O)C3=CC=C(C=C3)C(C)(C)C)S(=O)(=O)C4=CC=C(C=C4)C(C)(C)C
CCC[C@H](CC)Oc1ccc(C(C)(C)C)cc1NC(=O)c1nnn(-c2cc(OC)ccc2OC)c1C,active,CCC[C@H](CC)OC1=C(C=C(C=C1)C(C)(C)C)NC(=O)C2=C(N(N=N2)C3=C(C=CC(=C3)OC)OC)C
CCC[C@@H](CC)Oc1ccc(C(C)(C)C)cc1NC(=O)c1nnn(-c2cc(OC)ccc2OC)c1C,active,CCC[C@@H](CC)OC1=C(C=C(C=C1)C(C)(C)C)NC(=O)C2=C(N(N=N2)C3=C(C=CC(=C3)OC)OC)C
CCC[C@H](CC)Oc1ccccc1NC(=O)c1nnn(-c2cc(OC)ccc2OC)c1C,active,CCC[C@H](CC)OC1=CC=CC=C1NC(=O)C2=C(N(N=N2)C3=C(C=CC(=C3)OC)OC)C
CCC[C@H](CC)Oc1ccc(C(=O)O)cc1NC(=O)c1nnn(-c2cc(OC)ccc2OC)c1C,active,CCC[C@H](CC)OC1=C(C=C(C=C1)C(=O)O)NC(=O)C2=C(N(N=N2)C3=C(C=CC(=C3)OC)OC)C
CCC[C@H](CC)Oc1ccc(C(C)(C)C)cc1NC(=O)c1nnn(-c2cc(OC)c(OC)cc2OC)c1C,active,CCC[C@H](CC)OC1=C(C=C(C=C1)C(C)(C)C)NC(=O)C2=C(N(N=N2)C3=CC(=C(C=C3OC)OC)OC)C
CCC[C@H](CC)Oc1ccc(C(C)(C)C)cc1NC(=O)c1nnn(-c2cc(OC)c(F)cc2OC)c1C,active,CCC[C@H](CC)OC1=C(C=C(C=C1)C(C)(C)C)NC(=O)C2=C(N(N=N2)C3=CC(=C(C=C3OC)F)OC)C
CCC[C@H](CC)Oc1ccc(C(C)(C)C)cc1NC(=O)c1nnn(-c2cc(Cl)c(Cl)cc2OC)c1C,active,CCC[C@H](CC)OC1=C(C=C(C=C1)C(C)(C)C)NC(=O)C2=C(N(N=N2)C3=CC(=C(C=C3OC)Cl)Cl)C
